subreddit,intervention,start_date,end_date,start_date_unix_epoc,end_date_unix_epoc
progressive ,baseline,2010-01-03 00:00:00 UTC,2018-04-01 00:00:00 UTC,1262476800,1522540800
MensRights,baseline,2010-01-01 00:00:00 UTC,2018-04-01 00:00:00 UTC,1262304000,1522540800
Liberal,baseline,2010-02-27 00:00:00 UTC,2018-04-01 00:00:00 UTC,1267228800,1522540800
Republican,baseline,2010-01-01 00:00:00 UTC,2018-04-01 00:00:00 UTC,1262304000,1522540800
PoliticalDiscussion,baseline,2011-04-15 00:00:00 UTC,2018-04-01 00:00:00 UTC,1302825600,1522540800
unpopularopinion,baseline,2010-01-01 00:00:00 UTC,2018-02-20 00:00:00 UTC,1262304000,1519084800
ukpolitics,baseline,2010-01-01 00:00:00 UTC,2015-01-29 00:00:00 UTC,1262304000,1422489600
exmuslim,baseline,2010-01-01 00:00:00 UTC,2011-07-31 00:00:00 UTC,1262304000,1312070400
vegan,baseline,2010-01-01 00:00:00 UTC,2017-11-28 00:00:00 UTC,1262304000,1511827200
EnoughTrumpSpam,baseline,2010-01-01 00:00:00 UTC,2016-01-20 00:00:00 UTC,1262304000,1453248000
GenderCritical,baseline,2013-09-24 00:00:00 UTC,2013-09-03 00:00:00 UTC,1379980800,1378166400
politics,baseline,2010-01-01 00:00:00 UTC,2014-01-29 00:00:00 UTC,1262304000,1390953600
atheism,baseline,2010-01-01 00:00:00 UTC,2015-06-19 00:00:00 UTC,1262304000,1434672000
exmuslim ,baseline,2010-01-12 00:00:00 UTC,2011-08-15 00:00:00 UTC,1263254400,1313366400
AmericanPolitics,baseline,2010-01-04 00:00:00 UTC,2020-05-01 00:00:00 UTC,1262563200,1588291200
Conservative,baseline,2012-12-31 00:00:00 UTC,2013-10-31 00:00:00 UTC,1356912000,1383177600
unpopularopinion,no_votes,2018-02-21 00:00:00 UTC,2018-04-01 00:00:00 UTC,1519171200,1522540800
GenderCritical,no_votes,2014-07-01 00:00:00 UTC,2018-04-01 00:00:00 UTC,1404172800,1522540800
vegan,no_votes,2017-11-29 00:00:00 UTC,2018-04-01 00:00:00 UTC,1511913600,1522540800
politics,no_votes,2014-12-30 00:00:00 UTC,2018-04-01 00:00:00 UTC,1419897600,1522540800
Conservative,no_votes,2014-07-01 00:00:00 UTC,2018-01-01 00:00:00 UTC,1404172800,1514764800
EnoughTrumpSpam,upvote_only,2016-01-21 00:00:00 UTC,2018-04-01 00:00:00 UTC,1453334400,1522540800
me_irlgbt,upvote_only,2010-01-01 00:00:00 UTC,2018-04-01 00:00:00 UTC,1262304000,1522540800
exmuslim ,upvote_only,2011-08-16 00:00:00 UTC,2018-04-01 00:00:00 UTC,1313452800,1522540800
atheism,upvote_only,2015-06-20 00:00:00 UTC,2018-04-01 00:00:00 UTC,1434758400,1522540800
ukpolitics,upvote_only,2015-01-30 00:00:00 UTC,2018-04-01 00:00:00 UTC,1422576000,1522540800
exmuslim,upvote_only,2011-08-01 00:00:00 UTC,2018-01-01 00:00:00 UTC,1312156800,1514764800
politics,upvote_only,2014-01-30 00:00:00 UTC,2014-12-29 00:00:00 UTC,1391040000,1419811200
Conservative,upvote_only,2013-11-01 00:00:00 UTC,2014-06-30 00:00:00 UTC,1383264000,1404086400
GenderCritical,upvote_only,2013-10-03 00:00:00 UTC,2014-06-30 00:00:00 UTC,1380758400,1404086400
