txt_subreddit,ctr_subreddit,txt_obs_per_baseline,ctr_obs_per_baseline,txt_obs_per_upvote,ctr_obs_per_upvote,txt_avg_counter_argument_structure,txt_avg_emotional_language,txt_avg_you_in_the_epicenter,txt_avg_empathy_reciprocity,txt_avg_generalized_call,txt_avg_situational_call_for_action,txt_avg_collective_rhetoric,txt_avg_ungrounded_argument,ctr_avg_counter_argument_structure,ctr_avg_emotional_language,ctr_avg_you_in_the_epicenter,ctr_avg_empathy_reciprocity,ctr_avg_generalized_call,ctr_avg_situational_call_for_action,ctr_avg_collective_rhetoric,ctr_avg_ungrounded_argument,ctr_txt_corr
atheism,iran,15377028,74685,3478327,77923,0.236693838,0.08470677,0.00158963,0.067428929,0.014316809,0.01269186,0.018330089,0.066907795,0.161368969,0.076540662,0.001547925,0.059752851,0.020957517,0.013442032,0.025349776,0.058492758,0.991628357
atheism,PoliticalHumor,15377028,106334,3478327,1631444,0.236693838,0.08470677,0.00158963,0.067428929,0.014316809,0.01269186,0.018330089,0.066907795,0.223556992,0.087720363,0.002807315,0.045704748,0.022271194,0.016251262,0.027744395,0.076409995,0.990956897
atheism,conspiracy,15377028,2355457,3478327,2971084,0.236693838,0.08470677,0.00158963,0.067428929,0.014316809,0.01269186,0.018330089,0.066907795,0.230311665,0.075395543,0.003382379,0.040947851,0.0240854,0.013985143,0.019183558,0.072433231,0.989589527
atheism,obama,15377028,66005,3478327,7489,0.236693838,0.08470677,0.00158963,0.067428929,0.014316809,0.01269186,0.018330089,0.066907795,0.217269263,0.089182345,0.003378634,0.03914504,0.019774994,0.022657512,0.032089472,0.069484284,0.985744194
atheism,democrats,15377028,43162,3478327,170487,0.236693838,0.08470677,0.00158963,0.067428929,0.014316809,0.01269186,0.018330089,0.066907795,0.208557744,0.079088715,0.004906442,0.044540857,0.023569609,0.033586304,0.037993229,0.0671324,0.985115975
atheism,MensRights,15377028,1277109,3478327,1236675,0.236693838,0.08470677,0.00158963,0.067428929,0.014316809,0.01269186,0.018330089,0.066907795,0.274032658,0.093939833,0.001790434,0.083337556,0.014378437,0.0278042,0.048417728,0.050747169,0.985009648
atheism,censorship,15377028,2365,3478327,3621,0.236693838,0.08470677,0.00158963,0.067428929,0.014316809,0.01269186,0.018330089,0.066907795,0.239722245,0.084157085,0.003786724,0.034817028,0.020793256,0.023415113,0.016195205,0.057868232,0.984775077
atheism,Liberal,15377028,88541,3478327,79966,0.236693838,0.08470677,0.00158963,0.067428929,0.014316809,0.01269186,0.018330089,0.066907795,0.253788183,0.074018023,0.003528276,0.053409901,0.024483711,0.032608213,0.042275568,0.05804796,0.981575847
atheism,progressive,15377028,155735,3478327,98974,0.236693838,0.08470677,0.00158963,0.067428929,0.014316809,0.01269186,0.018330089,0.066907795,0.223356142,0.071278852,0.004358332,0.046878757,0.027589251,0.038028978,0.04023716,0.063458083,0.979860021
atheism,antiwar,15377028,3437,3478327,2149,0.236693838,0.08470677,0.00158963,0.067428929,0.014316809,0.01269186,0.018330089,0.066907795,0.192271286,0.067430643,0.005117899,0.052783098,0.034934219,0.019524131,0.047735866,0.073276711,0.979693186
atheism,humanrights,15377028,1146,3478327,1091,0.236693838,0.08470677,0.00158963,0.067428929,0.014316809,0.01269186,0.018330089,0.066907795,0.190903552,0.060921777,0.006126052,0.068859959,0.030134911,0.035171391,0.021059539,0.041437257,0.979518864
atheism,afghanistan,15377028,3020,3478327,1885,0.236693838,0.08470677,0.00158963,0.067428929,0.014316809,0.01269186,0.018330089,0.066907795,0.175129834,0.049169644,0.002365922,0.075078819,0.018947859,0.010530636,0.032181869,0.049595812,0.977105967
atheism,tsa,15377028,1989,3478327,4628,0.236693838,0.08470677,0.00158963,0.067428929,0.014316809,0.01269186,0.018330089,0.066907795,0.209989483,0.088055745,0.00288131,0.043394298,0.025854555,0.041182654,0.017646816,0.04826028,0.976605065
atheism,occupywallstreet,15377028,380403,3478327,20020,0.236693838,0.08470677,0.00158963,0.067428929,0.014316809,0.01269186,0.018330089,0.066907795,0.212272334,0.073122521,0.007107364,0.051303734,0.029187235,0.047495136,0.042164315,0.058543872,0.975802069
atheism,AmericanPolitics,15377028,14226,3478327,16257,0.236693838,0.08470677,0.00158963,0.067428929,0.014316809,0.01269186,0.018330089,0.066907795,0.257969975,0.073804647,0.004805512,0.033998154,0.022777747,0.028230413,0.038730853,0.067732494,0.974256263
atheism,Libertarian,15377028,700000,3478327,1811176,0.236693838,0.08470677,0.00158963,0.067428929,0.014316809,0.01269186,0.018330089,0.066907795,0.274104583,0.061422859,0.004018469,0.046065224,0.034004776,0.035362408,0.035386848,0.056766171,0.967240235
atheism,911truth,15377028,52309,3478327,27758,0.236693838,0.08470677,0.00158963,0.067428929,0.014316809,0.01269186,0.018330089,0.066907795,0.346200482,0.048708574,0.001291426,0.039575269,0.016825054,0.008837978,0.011449116,0.046686676,0.96552498
atheism,Republican,15377028,155128,3478327,195115,0.236693838,0.08470677,0.00158963,0.067428929,0.014316809,0.01269186,0.018330089,0.066907795,0.262241334,0.050572664,0.002844982,0.052080806,0.022885835,0.030681825,0.044793643,0.04945981,0.962801685
atheism,Anarcho_Capitalism,15377028,915988,3478327,771613,0.236693838,0.08470677,0.00158963,0.067428929,0.014316809,0.01269186,0.018330089,0.066907795,0.28443579,0.04716451,0.002125141,0.053087331,0.032889127,0.035460661,0.025167224,0.054931008,0.961724691
atheism,conservatives,15377028,58485,3478327,60001,0.236693838,0.08470677,0.00158963,0.067428929,0.014316809,0.01269186,0.018330089,0.066907795,0.297856269,0.053024635,0.002421694,0.041254228,0.023794554,0.030371945,0.03777907,0.049083687,0.958986048
atheism,anonymous,15377028,75165,3478327,10165,0.236693838,0.08470677,0.00158963,0.067428929,0.014316809,0.01269186,0.018330089,0.066907795,0.197266972,0.121881929,0.003345925,0.043254381,0.020265176,0.021383233,0.016654304,0.072639474,0.95883126
atheism,uspolitics,15377028,14331,3478327,30331,0.236693838,0.08470677,0.00158963,0.067428929,0.014316809,0.01269186,0.018330089,0.066907795,0.195705358,0.105936289,0.004361041,0.031737179,0.025551453,0.028851408,0.029538677,0.080912491,0.958771714
atheism,Sunlight,15377028,631,3478327,185,0.236693838,0.08470677,0.00158963,0.067428929,0.014316809,0.01269186,0.018330089,0.066907795,0.165760452,0.039330155,0.002523874,0.048965611,0.02751126,0.038318764,0.025298392,0.068605004,0.958048726
atheism,racism,15377028,22328,3478327,11803,0.236693838,0.08470677,0.00158963,0.067428929,0.014316809,0.01269186,0.018330089,0.066907795,0.18084604,0.064351336,0.000949711,0.081299359,0.007691766,0.016243507,0.055695275,0.041938489,0.953112179
atheism,Marxism,15377028,3764,3478327,4866,0.236693838,0.08470677,0.00158963,0.067428929,0.014316809,0.01269186,0.018330089,0.066907795,0.228339798,0.027155602,0.001088349,0.063285915,0.030866018,0.03721439,0.012554536,0.065571348,0.948620387
atheism,EndlessWar,15377028,36938,3478327,19654,0.236693838,0.08470677,0.00158963,0.067428929,0.014316809,0.01269186,0.018330089,0.066907795,0.188851364,0.058470051,0.003151928,0.035371463,0.040549137,0.013126126,0.04609912,0.086810477,0.946244669
atheism,privacy,15377028,130847,3478327,270821,0.236693838,0.08470677,0.00158963,0.067428929,0.014316809,0.01269186,0.018330089,0.066907795,0.315903395,0.035038197,0.002119988,0.034181379,0.024851334,0.033617777,0.012091416,0.039070998,0.943397591
atheism,LGBTnews,15377028,5240,3478327,9072,0.236693838,0.08470677,0.00158963,0.067428929,0.014316809,0.01269186,0.018330089,0.066907795,0.159895089,0.111911859,0.001524684,0.063235879,0.013163949,0.022775013,0.025379328,0.074157845,0.943064528
atheism,moderatepolitics,15377028,42990,3478327,43196,0.236693838,0.08470677,0.00158963,0.067428929,0.014316809,0.01269186,0.018330089,0.066907795,0.294485031,0.032233937,0.002072656,0.064540795,0.030432067,0.050739255,0.053542641,0.032666421,0.919157817
atheism,Good_Cop_Free_Donut,15377028,9397,3478327,4732,0.236693838,0.08470677,0.00158963,0.067428929,0.014316809,0.01269186,0.018330089,0.066907795,0.16365085,0.129063023,0.004147138,0.054254015,0.021091444,0.014144908,0.021711332,0.052711982,0.918573391
atheism,PoliticalDiscussion,15377028,1190221,3478327,637761,0.236693838,0.08470677,0.00158963,0.067428929,0.014316809,0.01269186,0.018330089,0.066907795,0.309752685,0.033934533,0.003267618,0.052453819,0.038971629,0.053989153,0.05535231,0.040960547,0.915938409
atheism,GreenParty,15377028,5916,3478327,10428,0.236693838,0.08470677,0.00158963,0.067428929,0.014316809,0.01269186,0.018330089,0.066907795,0.187214255,0.031785625,0.006431256,0.068010004,0.037268685,0.071341756,0.043763123,0.035320068,0.872603218
atheism,AskALiberal,15377028,209,3478327,118147,0.236693838,0.08470677,0.00158963,0.067428929,0.014316809,0.01269186,0.018330089,0.066907795,0.305317952,0.016234535,0.000318408,0.055957817,0.052981876,0.089607169,0.117116781,0.014928993,0.780944952
atheism,raisedbynarcissists,15377028,790407,3478327,1490795,0.236693838,0.08470677,0.00158963,0.067428929,0.014316809,0.01269186,0.018330089,0.066907795,0.104777168,0.103462901,0.002292212,0.121179598,0.005689754,0.046988677,0.031656206,0.026077509,0.662372685
atheism,union,15377028,426,3478327,1249,0.236693838,0.08470677,0.00158963,0.067428929,0.014316809,0.01269186,0.018330089,0.066907795,0.145336159,0.042203659,0.001719859,0.090008729,0.011399233,0.107936526,0.065944826,0.027954357,0.656701645
atheism,JoeBiden,15377028,16,3478327,40,0.236693838,0.08470677,0.00158963,0.067428929,0.014316809,0.01269186,0.018330089,0.066907795,0.098872947,0.193176449,0.000323626,0.001695387,0.00077358,0.000136625,2.93108E-05,0.019382739,0.562600698
Conservative,progressive,154983,27048,131941,24238,0.218289042,0.058126389,0.003603286,0.047798628,0.024221555,0.027575005,0.036820093,0.058992116,0.232891288,0.067155055,0.003954398,0.04994979,0.029392822,0.036874718,0.0398465,0.063236309,0.999148373
Conservative,Liberal,154983,22821,131941,19745,0.218289042,0.058126389,0.003603286,0.047798628,0.024221555,0.027575005,0.036820093,0.058992116,0.268983928,0.074784475,0.003742192,0.053853171,0.027272116,0.031644289,0.042802109,0.056243813,0.997584964
Conservative,democrats,154983,9525,131941,7183,0.218289042,0.058126389,0.003603286,0.047798628,0.024221555,0.027575005,0.036820093,0.058992116,0.228575485,0.075030491,0.005400371,0.053127747,0.024574138,0.038295685,0.042141104,0.060999269,0.997112203
Conservative,AmericanPolitics,154983,3160,131941,1795,0.218289042,0.058126389,0.003603286,0.047798628,0.024221555,0.027575005,0.036820093,0.058992116,0.26872306,0.065942947,0.003545496,0.035835762,0.024298699,0.029171703,0.040428234,0.071806674,0.996359938
Conservative,Anarchism,154983,128702,131941,79570,0.218289042,0.058126389,0.003603286,0.047798628,0.024221555,0.027575005,0.036820093,0.058992116,0.241559991,0.06977246,0.002795925,0.066399438,0.026258032,0.036850641,0.03170656,0.069920208,0.995942211
Conservative,conservatives,154983,19877,131941,18069,0.218289042,0.058126389,0.003603286,0.047798628,0.024221555,0.027575005,0.036820093,0.058992116,0.320984298,0.068456335,0.002570574,0.044852245,0.020746517,0.024400651,0.036988423,0.054202291,0.995386594
Conservative,Republican,154983,32898,131941,14449,0.218289042,0.058126389,0.003603286,0.047798628,0.024221555,0.027575005,0.036820093,0.058992116,0.252138391,0.050842474,0.003248572,0.048143357,0.024666395,0.034272984,0.04580831,0.051375446,0.994828561
Conservative,occupywallstreet,154983,18010,131941,11958,0.218289042,0.058126389,0.003603286,0.047798628,0.024221555,0.027575005,0.036820093,0.058992116,0.221862309,0.064412888,0.005885717,0.04784219,0.037425933,0.046434923,0.035194685,0.063977041,0.994717401
Conservative,alltheleft,154983,1476,131941,815,0.218289042,0.058126389,0.003603286,0.047798628,0.024221555,0.027575005,0.036820093,0.058992116,0.231957642,0.061021613,0.004762964,0.074976195,0.027370042,0.029830809,0.041591536,0.065801585,0.993231906
Conservative,911truth,154983,5107,131941,12974,0.218289042,0.058126389,0.003603286,0.047798628,0.024221555,0.027575005,0.036820093,0.058992116,0.282607605,0.051358826,0.002038821,0.037643998,0.019396965,0.007517548,0.010844741,0.051383312,0.992114384
Conservative,PoliticalHumor,154983,31516,131941,21433,0.218289042,0.058126389,0.003603286,0.047798628,0.024221555,0.027575005,0.036820093,0.058992116,0.235908663,0.082198362,0.003024891,0.044918943,0.022939761,0.018183875,0.031350677,0.074426155,0.990537453
Conservative,Anarcho_Capitalism,154983,190700,131941,206692,0.218289042,0.058126389,0.003603286,0.047798628,0.024221555,0.027575005,0.036820093,0.058992116,0.281389681,0.042696453,0.002203001,0.054941754,0.032526894,0.035906006,0.025679668,0.05353182,0.989244913
Conservative,obama,154983,8394,131941,4490,0.218289042,0.058126389,0.003603286,0.047798628,0.024221555,0.027575005,0.036820093,0.058992116,0.232130439,0.083571304,0.002716009,0.035740798,0.021607631,0.021804403,0.033246737,0.072654713,0.988126833
Conservative,censorship,154983,336,131941,352,0.218289042,0.058126389,0.003603286,0.047798628,0.024221555,0.027575005,0.036820093,0.058992116,0.279098744,0.082359945,0.000195723,0.028867613,0.010171843,0.01064625,0.008708188,0.07618127,0.985174811
Conservative,conspiracy,154983,394722,131941,581761,0.218289042,0.058126389,0.003603286,0.047798628,0.024221555,0.027575005,0.036820093,0.058992116,0.21657392,0.075170278,0.004102682,0.038769598,0.025091989,0.015257605,0.021380909,0.074160368,0.985055825
Conservative,antiwar,154983,793,131941,342,0.218289042,0.058126389,0.003603286,0.047798628,0.024221555,0.027575005,0.036820093,0.058992116,0.19353516,0.078287803,0.00429485,0.051079423,0.02728724,0.021488471,0.03289056,0.070592073,0.98479737
Conservative,MensRights,154983,255259,131941,370288,0.218289042,0.058126389,0.003603286,0.047798628,0.024221555,0.027575005,0.036820093,0.058992116,0.278731482,0.091580738,0.001764762,0.084429791,0.014014518,0.026330093,0.04743416,0.051503187,0.983798528
Conservative,privacy,154983,36180,131941,29101,0.218289042,0.058126389,0.003603286,0.047798628,0.024221555,0.027575005,0.036820093,0.058992116,0.300494526,0.033365217,0.002419908,0.033293505,0.024253897,0.035171236,0.012774334,0.036786433,0.979253372
Conservative,EndlessWar,154983,8764,131941,4438,0.218289042,0.058126389,0.003603286,0.047798628,0.024221555,0.027575005,0.036820093,0.058992116,0.203114744,0.058599009,0.003825775,0.038434846,0.041346438,0.014300854,0.049394946,0.082755832,0.977123322
Conservative,india,154983,347046,131941,467675,0.218289042,0.058126389,0.003603286,0.047798628,0.024221555,0.027575005,0.036820093,0.058992116,0.169458398,0.070637135,0.00191197,0.039562326,0.021371414,0.01742994,0.012470478,0.056130758,0.975408337
Conservative,PoliticalDiscussion,154983,299011,131941,217484,0.218289042,0.058126389,0.003603286,0.047798628,0.024221555,0.027575005,0.036820093,0.058992116,0.309522723,0.035638585,0.003584472,0.051534125,0.040145704,0.055954607,0.057416349,0.041328874,0.970414221
Conservative,moderatepolitics,154983,10417,131941,5370,0.218289042,0.058126389,0.003603286,0.047798628,0.024221555,0.027575005,0.036820093,0.058992116,0.3034032,0.031295983,0.002456227,0.063823374,0.033943889,0.051971792,0.05450822,0.034324535,0.967874654
Conservative,anonymous,154983,20746,131941,13114,0.218289042,0.058126389,0.003603286,0.047798628,0.024221555,0.027575005,0.036820093,0.058992116,0.213926029,0.102644753,0.003471434,0.043620066,0.021241083,0.02364615,0.017032283,0.06939484,0.962281809
Conservative,LGBTnews,154983,827,131941,1003,0.218289042,0.058126389,0.003603286,0.047798628,0.024221555,0.027575005,0.036820093,0.058992116,0.165667847,0.069526344,0.001837836,0.067736228,0.010114928,0.021652843,0.024199542,0.048413414,0.962250077
Conservative,Marxism,154983,656,131941,577,0.218289042,0.058126389,0.003603286,0.047798628,0.024221555,0.027575005,0.036820093,0.058992116,0.210541513,0.023323583,0.000526042,0.07100419,0.024631256,0.037633134,0.011179036,0.049269107,0.961933925
Conservative,racism,154983,4864,131941,3840,0.218289042,0.058126389,0.003603286,0.047798628,0.024221555,0.027575005,0.036820093,0.058992116,0.178655002,0.068757214,0.001106157,0.07049743,0.007771986,0.015147672,0.048640417,0.044369639,0.960904903
Conservative,afghanistan,154983,1174,131941,360,0.218289042,0.058126389,0.003603286,0.047798628,0.024221555,0.027575005,0.036820093,0.058992116,0.213309231,0.042383009,0.00263672,0.091719177,0.018754984,0.010628784,0.03567153,0.04810835,0.95951293
Conservative,iran,154983,8182,131941,13667,0.218289042,0.058126389,0.003603286,0.047798628,0.024221555,0.027575005,0.036820093,0.058992116,0.156922952,0.075021733,0.002142165,0.066769206,0.017453438,0.014070554,0.02484455,0.057465698,0.949051264
Conservative,humanrights,154983,187,131941,328,0.218289042,0.058126389,0.003603286,0.047798628,0.024221555,0.027575005,0.036820093,0.058992116,0.198609604,0.020027233,0.005730657,0.067289713,0.032396445,0.037936069,0.015189076,0.025077409,0.944975646
Conservative,Feminism,154983,69867,131941,5610,0.218289042,0.058126389,0.003603286,0.047798628,0.024221555,0.027575005,0.036820093,0.058992116,0.250699145,0.059972106,0.001083883,0.113010307,0.010503915,0.019618976,0.056734722,0.027066449,0.937557922
Conservative,tsa,154983,146,131941,173,0.218289042,0.058126389,0.003603286,0.047798628,0.024221555,0.027575005,0.036820093,0.058992116,0.222277438,0.114385597,0.000775777,0.03972499,0.023660976,0.040975331,0.016673894,0.100374976,0.936025317
Conservative,Sunlight,154983,47,131941,96,0.218289042,0.058126389,0.003603286,0.047798628,0.024221555,0.027575005,0.036820093,0.058992116,0.159844554,0.022226812,0.000111698,0.0718113,0.041903901,0.020058045,9.80512E-05,0.049095128,0.916093666
Conservative,Good_Cop_Free_Donut,154983,1742,131941,2288,0.218289042,0.058126389,0.003603286,0.047798628,0.024221555,0.027575005,0.036820093,0.058992116,0.178542383,0.119305813,0.004965423,0.059153995,0.018846344,0.012145634,0.012761795,0.057373353,0.894407337
Conservative,uspolitics,154983,2079,131941,5070,0.218289042,0.058126389,0.003603286,0.047798628,0.024221555,0.027575005,0.036820093,0.058992116,0.186343436,0.133049831,0.002189504,0.031733097,0.023642724,0.01928168,0.026137639,0.085145047,0.875763511
Conservative,GreenParty,154983,708,131941,551,0.218289042,0.058126389,0.003603286,0.047798628,0.024221555,0.027575005,0.036820093,0.058992116,0.172037685,0.037338374,0.008364963,0.055589183,0.035935003,0.096932993,0.062458337,0.040976905,0.860566317
Conservative,AskALiberal,154983,10,131941,67,0.218289042,0.058126389,0.003603286,0.047798628,0.024221555,0.027575005,0.036820093,0.058992116,0.353406524,0.000189956,6.33088E-05,0.286856447,0.001448458,0.026622934,0.060110601,0.000803087,0.750835494
Conservative,union,154983,43,131941,117,0.218289042,0.058126389,0.003603286,0.047798628,0.024221555,0.027575005,0.036820093,0.058992116,0.180466704,0.080101674,9.47081E-05,0.038922529,0.002683973,0.170688972,0.05034081,0.043435123,0.657860187
Conservative,raisedbynarcissists,154983,37246,131941,229464,0.218289042,0.058126389,0.003603286,0.047798628,0.024221555,0.027575005,0.036820093,0.058992116,0.080393723,0.102705425,0.001987443,0.113786066,0.004101018,0.045097424,0.036893962,0.020346329,0.431360073
EnoughTrumpSpam,911truth,13,58870,1843147,21236,0.112310989,0.021471319,4.69563E-05,0.003415502,0.000320781,0.000599791,0.004689051,0.012516542,0.342172211,0.047063583,0.00129814,0.039718589,0.01669279,0.009131229,0.011073829,0.046638336,0.992891218
EnoughTrumpSpam,AmericanPolitics,13,17999,1843147,12481,0.112310989,0.021471319,4.69563E-05,0.003415502,0.000320781,0.000599791,0.004689051,0.012516542,0.262978159,0.075389762,0.004508593,0.03428577,0.022168574,0.026620648,0.037711776,0.069423933,0.991795509
EnoughTrumpSpam,Libertarian,13,719743,1843147,1790208,0.112310989,0.021471319,4.69563E-05,0.003415502,0.000320781,0.000599791,0.004689051,0.012516542,0.274433247,0.061742894,0.004023839,0.045990306,0.03391915,0.035226472,0.035143258,0.056962146,0.991039634
EnoughTrumpSpam,conservatives,13,71538,1843147,46904,0.112310989,0.021471319,4.69563E-05,0.003415502,0.000320781,0.000599791,0.004689051,0.012516542,0.286331503,0.050490853,0.00257127,0.040713852,0.024832763,0.031302647,0.037504593,0.050867995,0.990972723
EnoughTrumpSpam,censorship,13,3056,1843147,2934,0.112310989,0.021471319,4.69563E-05,0.003415502,0.000320781,0.000599791,0.004689051,0.012516542,0.253137268,0.080697052,0.00334763,0.037992908,0.020811617,0.023572774,0.016999129,0.056263025,0.99005129
EnoughTrumpSpam,Liberal,13,105819,1843147,62769,0.112310989,0.021471319,4.69563E-05,0.003415502,0.000320781,0.000599791,0.004689051,0.012516542,0.25468289,0.074136684,0.003525049,0.052719784,0.02414915,0.031516144,0.040842596,0.058893931,0.988460707
EnoughTrumpSpam,privacy,13,170974,1843147,230504,0.112310989,0.021471319,4.69563E-05,0.003415502,0.000320781,0.000599791,0.004689051,0.012516542,0.327425426,0.034532484,0.002057483,0.034121268,0.025190337,0.032643522,0.011402739,0.038957269,0.985359093
EnoughTrumpSpam,Republican,13,185705,1843147,164452,0.112310989,0.021471319,4.69563E-05,0.003415502,0.000320781,0.000599791,0.004689051,0.012516542,0.256061485,0.049985432,0.002821228,0.051774476,0.023186157,0.030210012,0.043937939,0.050762418,0.984700913
EnoughTrumpSpam,progressive,13,179879,1843147,74826,0.112310989,0.021471319,4.69563E-05,0.003415502,0.000320781,0.000599791,0.004689051,0.012516542,0.224625376,0.070984062,0.004311058,0.046718136,0.027195067,0.037032988,0.039465931,0.063923209,0.984642922
EnoughTrumpSpam,Anarcho_Capitalism,13,1110505,1843147,577244,0.112310989,0.021471319,4.69563E-05,0.003415502,0.000320781,0.000599791,0.004689051,0.012516542,0.283354658,0.048643898,0.002064324,0.051593854,0.032821773,0.034658682,0.024672435,0.056010712,0.984424429
EnoughTrumpSpam,democrats,13,58893,1843147,154659,0.112310989,0.021471319,4.69563E-05,0.003415502,0.000320781,0.000599791,0.004689051,0.012516542,0.218517228,0.075780432,0.004682854,0.044189087,0.022941484,0.030761566,0.035558588,0.067338685,0.982048498
EnoughTrumpSpam,occupywallstreet,13,385328,1843147,15093,0.112310989,0.021471319,4.69563E-05,0.003415502,0.000320781,0.000599791,0.004689051,0.012516542,0.212400395,0.073010828,0.007104392,0.051196372,0.029232897,0.047314597,0.042011212,0.058840795,0.979936641
EnoughTrumpSpam,conspiracy,13,2958328,1843147,2369550,0.112310989,0.021471319,4.69563E-05,0.003415502,0.000320781,0.000599791,0.004689051,0.012516542,0.233507147,0.076367495,0.00333141,0.041084273,0.023999118,0.013697101,0.018910696,0.073373132,0.978480098
EnoughTrumpSpam,tsa,13,2505,1843147,4113,0.112310989,0.021471319,4.69563E-05,0.003415502,0.000320781,0.000599791,0.004689051,0.012516542,0.216538776,0.077703357,0.002308883,0.046608265,0.024256165,0.042744061,0.017871788,0.044870069,0.975753277
EnoughTrumpSpam,obama,13,67839,1843147,5673,0.112310989,0.021471319,4.69563E-05,0.003415502,0.000320781,0.000599791,0.004689051,0.012516542,0.216542007,0.08951019,0.003382745,0.03913946,0.019813776,0.022607322,0.03204501,0.06967817,0.972277555
EnoughTrumpSpam,PoliticalHumor,13,131431,1843147,1606318,0.112310989,0.021471319,4.69563E-05,0.003415502,0.000320781,0.000599791,0.004689051,0.012516542,0.22505319,0.088437275,0.002639323,0.045575499,0.022191313,0.015898808,0.027899876,0.077324682,0.967967614
EnoughTrumpSpam,PoliticalDiscussion,13,1390000,1843147,439642,0.112310989,0.021471319,4.69563E-05,0.003415502,0.000320781,0.000599791,0.004689051,0.012516542,0.309474816,0.033828602,0.003159089,0.052314137,0.038007003,0.052201933,0.053857497,0.041563537,0.967903334
EnoughTrumpSpam,MensRights,13,1549047,1843147,964902,0.112310989,0.021471319,4.69563E-05,0.003415502,0.000320781,0.000599791,0.004689051,0.012516542,0.27070419,0.095947609,0.001816351,0.081684408,0.014698101,0.028019835,0.04774343,0.051860182,0.965602107
EnoughTrumpSpam,humanrights,13,1336,1843147,901,0.112310989,0.021471319,4.69563E-05,0.003415502,0.000320781,0.000599791,0.004689051,0.012516542,0.188234946,0.058815086,0.005321982,0.064107765,0.030234227,0.035770985,0.024064253,0.039791278,0.961600475
EnoughTrumpSpam,antiwar,13,3828,1843147,1758,0.112310989,0.021471319,4.69563E-05,0.003415502,0.000320781,0.000599791,0.004689051,0.012516542,0.194526381,0.064972488,0.005318933,0.051542851,0.035311416,0.020556977,0.051200121,0.075260358,0.96030819
EnoughTrumpSpam,moderatepolitics,13,44727,1843147,41457,0.112310989,0.021471319,4.69563E-05,0.003415502,0.000320781,0.000599791,0.004689051,0.012516542,0.294739907,0.032353698,0.002059607,0.06505463,0.02992332,0.049749999,0.053217406,0.032723461,0.959616102
EnoughTrumpSpam,Sunlight,13,672,1843147,143,0.112310989,0.021471319,4.69563E-05,0.003415502,0.000320781,0.000599791,0.004689051,0.012516542,0.178822453,0.040942801,0.002380784,0.049468074,0.026036745,0.036304806,0.023756446,0.066413061,0.954614827
EnoughTrumpSpam,trump,13,1999,1843147,14108,0.112310989,0.021471319,4.69563E-05,0.003415502,0.000320781,0.000599791,0.004689051,0.012516542,0.205051667,0.091736185,0.003224356,0.055954878,0.014431838,0.019256685,0.042539552,0.072432508,0.951171276
EnoughTrumpSpam,Marxism,13,4644,1843147,3981,0.112310989,0.021471319,4.69563E-05,0.003415502,0.000320781,0.000599791,0.004689051,0.012516542,0.235696857,0.026917453,0.001206936,0.062182765,0.031165179,0.036520879,0.013618436,0.066570511,0.949783597
EnoughTrumpSpam,uspolitics,13,17309,1843147,27338,0.112310989,0.021471319,4.69563E-05,0.003415502,0.000320781,0.000599791,0.004689051,0.012516542,0.198554377,0.101164576,0.004328234,0.034417034,0.024896092,0.027830914,0.031502851,0.078354348,0.945129503
EnoughTrumpSpam,EndlessWar,13,41379,1843147,15219,0.112310989,0.021471319,4.69563E-05,0.003415502,0.000320781,0.000599791,0.004689051,0.012516542,0.188426961,0.058896273,0.003151503,0.034868307,0.04063395,0.012841644,0.045314635,0.089128039,0.93725886
EnoughTrumpSpam,iran,13,108116,1843147,44577,0.112310989,0.021471319,4.69563E-05,0.003415502,0.000320781,0.000599791,0.004689051,0.012516542,0.16668395,0.074143682,0.001527104,0.060247417,0.021353197,0.012954726,0.025854219,0.05866987,0.935303162
EnoughTrumpSpam,JoeBiden,13,43,1843147,13,0.112310989,0.021471319,4.69563E-05,0.003415502,0.000320781,0.000599791,0.004689051,0.012516542,0.136388014,0.075043481,0.00028159,0.019890134,0.001244734,0.000849492,2.16659E-05,0.024629773,0.933934346
EnoughTrumpSpam,afghanistan,13,3322,1843147,1589,0.112310989,0.021471319,4.69563E-05,0.003415502,0.000320781,0.000599791,0.004689051,0.012516542,0.168504495,0.048814014,0.002162306,0.075028718,0.019315912,0.011850929,0.03199076,0.048329655,0.923348007
EnoughTrumpSpam,AskALiberal,13,457,1843147,117899,0.112310989,0.021471319,4.69563E-05,0.003415502,0.000320781,0.000599791,0.004689051,0.012516542,0.325748608,0.022923214,0.002969363,0.062943337,0.043105258,0.077384767,0.104243116,0.030859066,0.914714053
EnoughTrumpSpam,racism,13,25533,1843147,8615,0.112310989,0.021471319,4.69563E-05,0.003415502,0.000320781,0.000599791,0.004689051,0.012516542,0.184680168,0.064449868,0.000957769,0.081948933,0.007591989,0.01619416,0.055739495,0.042230935,0.909411442
EnoughTrumpSpam,anonymous,13,78332,1843147,7000,0.112310989,0.021471319,4.69563E-05,0.003415502,0.000320781,0.000599791,0.004689051,0.012516542,0.196014532,0.124813068,0.003295217,0.043035817,0.020194625,0.020860898,0.016503586,0.074689318,0.901895458
EnoughTrumpSpam,GreenParty,13,6301,1843147,10040,0.112310989,0.021471319,4.69563E-05,0.003415502,0.000320781,0.000599791,0.004689051,0.012516542,0.187781848,0.031120741,0.006260391,0.066519266,0.036344151,0.070983632,0.044018155,0.034925421,0.899539153
EnoughTrumpSpam,LGBTnews,13,6572,1843147,7743,0.112310989,0.021471319,4.69563E-05,0.003415502,0.000320781,0.000599791,0.004689051,0.012516542,0.164764907,0.108483526,0.0021295,0.062061151,0.013542826,0.022466405,0.029154167,0.073541169,0.869741768
EnoughTrumpSpam,Good_Cop_Free_Donut,13,10908,1843147,3219,0.112310989,0.021471319,4.69563E-05,0.003415502,0.000320781,0.000599791,0.004689051,0.012516542,0.166004806,0.127787337,0.004050631,0.054664145,0.020109703,0.01344447,0.020792911,0.053770452,0.850397807
EnoughTrumpSpam,union,13,628,1843147,1047,0.112310989,0.021471319,4.69563E-05,0.003415502,0.000320781,0.000599791,0.004689051,0.012516542,0.135217427,0.045718031,0.00306463,0.079356938,0.011502908,0.097549931,0.071386885,0.032010996,0.663989653
EnoughTrumpSpam,raisedbynarcissists,13,1099382,1843147,1181884,0.112310989,0.021471319,4.69563E-05,0.003415502,0.000320781,0.000599791,0.004689051,0.012516542,0.107770161,0.103321474,0.00225896,0.120453465,0.005803848,0.048034781,0.031489203,0.026415016,0.514282455
exmuslim,Anarchism,9698,128101,970218,411268,0.238162998,0.056267735,0.000892459,0.079315004,0.009361578,0.013826586,0.01350934,0.044870555,0.254619393,0.059196908,0.002654691,0.067224779,0.027479354,0.041343117,0.031942938,0.062251022,0.986762693
exmuslim,MensRights,9698,170000,970218,2231683,0.238162998,0.056267735,0.000892459,0.079315004,0.009361578,0.013826586,0.01350934,0.044870555,0.268371381,0.106400856,0.001978924,0.089859972,0.013920753,0.030444518,0.051765064,0.046678488,0.978599698
exmuslim,iran,9698,908,970218,142709,0.238162998,0.056267735,0.000892459,0.079315004,0.009361578,0.013826586,0.01350934,0.044870555,0.160320748,0.053993041,0.000783112,0.089101195,0.015555183,0.018741356,0.020596557,0.05254334,0.974671383
exmuslim,Marxism,9698,52,970218,8121,0.238162998,0.056267735,0.000892459,0.079315004,0.009361578,0.013826586,0.01350934,0.044870555,0.199711564,0.070935903,0.000159437,0.052179684,0.00897681,0.019996335,0.012677879,0.069473561,0.974400555
exmuslim,911truth,9698,8477,970218,68695,0.238162998,0.056267735,0.000892459,0.079315004,0.009361578,0.013826586,0.01350934,0.044870555,0.345498067,0.063600876,0.001444551,0.036436646,0.015259799,0.008205949,0.013119197,0.052458918,0.973268343
exmuslim,anonymous,9698,1074,970218,83642,0.238162998,0.056267735,0.000892459,0.079315004,0.009361578,0.013826586,0.01350934,0.044870555,0.171419857,0.060603526,0.002448328,0.050017316,0.015362484,0.025351761,0.014785144,0.067488617,0.971318407
exmuslim,Republican,9698,3487,970218,336865,0.238162998,0.056267735,0.000892459,0.079315004,0.009361578,0.013826586,0.01350934,0.044870555,0.243667732,0.064291982,0.002153381,0.05231149,0.020545941,0.024464925,0.054639504,0.057865314,0.971262027
exmuslim,Anarcho_Capitalism,9698,7833,970218,1626368,0.238162998,0.056267735,0.000892459,0.079315004,0.009361578,0.013826586,0.01350934,0.044870555,0.254749974,0.038932047,0.002542163,0.061671084,0.039274829,0.046893873,0.029722043,0.049440837,0.969675222
exmuslim,Libertarian,9698,470416,970218,1716071,0.238162998,0.056267735,0.000892459,0.079315004,0.009361578,0.013826586,0.01350934,0.044870555,0.278399788,0.061938478,0.004038217,0.045434881,0.035464351,0.036949717,0.036671047,0.05601623,0.968155623
exmuslim,Feminism,9698,7834,970218,192111,0.238162998,0.056267735,0.000892459,0.079315004,0.009361578,0.013826586,0.01350934,0.044870555,0.355889865,0.072732169,0.001177471,0.152903327,0.010376952,0.022623079,0.08846519,0.03941887,0.967233893
exmuslim,afghanistan,9698,213,970218,4341,0.238162998,0.056267735,0.000892459,0.079315004,0.009361578,0.013826586,0.01350934,0.044870555,0.201571873,0.080460554,0.008663244,0.064870013,0.04314378,0.00449443,0.039077387,0.065346111,0.965303076
exmuslim,tsa,9698,1035,970218,4973,0.238162998,0.056267735,0.000892459,0.079315004,0.009361578,0.013826586,0.01350934,0.044870555,0.202823785,0.079606153,0.003686889,0.041864439,0.023243905,0.039546703,0.022360574,0.041540551,0.962923155
exmuslim,Liberal,9698,1027,970218,157470,0.238162998,0.056267735,0.000892459,0.079315004,0.009361578,0.013826586,0.01350934,0.044870555,0.192939323,0.076046656,0.001739551,0.045737605,0.022680107,0.028474777,0.027329502,0.069664533,0.962865099
exmuslim,india,9698,65374,970218,1094388,0.238162998,0.056267735,0.000892459,0.079315004,0.009361578,0.013826586,0.01350934,0.044870555,0.171079276,0.079465275,0.001828682,0.045537719,0.023324543,0.020579236,0.016051598,0.050693565,0.962734227
exmuslim,privacy,9698,270,970218,363769,0.238162998,0.056267735,0.000892459,0.079315004,0.009361578,0.013826586,0.01350934,0.044870555,0.31787695,0.042420754,0.000160548,0.031854257,0.02174688,0.035295379,0.00263754,0.040906592,0.961871116
exmuslim,climateskeptics,9698,21858,970218,38118,0.238162998,0.056267735,0.000892459,0.079315004,0.009361578,0.013826586,0.01350934,0.044870555,0.459170219,0.032125476,0.000604724,0.04301137,0.035911074,0.007607724,0.003940317,0.03972115,0.960695386
exmuslim,conspiracy,9698,131216,970218,5198495,0.238162998,0.056267735,0.000892459,0.079315004,0.009361578,0.013826586,0.01350934,0.044870555,0.224839032,0.075086448,0.003108196,0.036062492,0.023964094,0.012853599,0.017368715,0.07520394,0.958072214
exmuslim,moderatepolitics,9698,2229,970218,75099,0.238162998,0.056267735,0.000892459,0.079315004,0.009361578,0.013826586,0.01350934,0.044870555,0.267048843,0.033261133,0.00118511,0.071722419,0.033760018,0.050710347,0.053221192,0.03241232,0.956058283
exmuslim,racism,9698,2492,970218,30178,0.238162998,0.056267735,0.000892459,0.079315004,0.009361578,0.013826586,0.01350934,0.044870555,0.203160781,0.044227629,0.000935454,0.083690257,0.006993643,0.013890289,0.066676802,0.03646559,0.954995425
exmuslim,progressive,9698,14909,970218,236170,0.238162998,0.056267735,0.000892459,0.079315004,0.009361578,0.013826586,0.01350934,0.044870555,0.19068961,0.080903781,0.006096374,0.045178341,0.02710775,0.040835425,0.043186087,0.067316117,0.95163525
exmuslim,Sunlight,9698,268,970218,536,0.238162998,0.056267735,0.000892459,0.079315004,0.009361578,0.013826586,0.01350934,0.044870555,0.197562001,0.064588042,0.002753312,0.053159024,0.012814319,0.030790009,0.041177555,0.089136387,0.94991933
exmuslim,collapse,9698,30674,970218,29249,0.238162998,0.056267735,0.000892459,0.079315004,0.009361578,0.013826586,0.01350934,0.044870555,0.189286466,0.042356462,0.002479709,0.044108244,0.052903913,0.036436707,0.023884941,0.057842476,0.947133058
exmuslim,obama,9698,17614,970218,55574,0.238162998,0.056267735,0.000892459,0.079315004,0.009361578,0.013826586,0.01350934,0.044870555,0.205821156,0.085195476,0.003602044,0.036788574,0.022666912,0.026871312,0.033404975,0.07519983,0.944295597
exmuslim,censorship,9698,398,970218,5389,0.238162998,0.056267735,0.000892459,0.079315004,0.009361578,0.013826586,0.01350934,0.044870555,0.214686724,0.101127061,0.010053423,0.038668867,0.018782045,0.039075505,0.025021755,0.056460466,0.942674817
exmuslim,LGBTnews,9698,2,970218,13542,0.238162998,0.056267735,0.000892459,0.079315004,0.009361578,0.013826586,0.01350934,0.044870555,0.281812002,0.000114551,3.10448E-05,0.003554705,0.001193895,0.0006198,0.000104026,0.002265035,0.940765948
exmuslim,AmericanPolitics,9698,1284,970218,26889,0.238162998,0.056267735,0.000892459,0.079315004,0.009361578,0.013826586,0.01350934,0.044870555,0.204660789,0.088225689,0.008990774,0.0363893,0.024544503,0.029962107,0.036013817,0.076180894,0.939702873
exmuslim,GreenParty,9698,397,970218,15351,0.238162998,0.056267735,0.000892459,0.079315004,0.009361578,0.013826586,0.01350934,0.044870555,0.23459693,0.054367758,0.002947461,0.063929054,0.067799255,0.059743527,0.043336117,0.040975859,0.939371832
exmuslim,conservatives,9698,100,970218,112646,0.238162998,0.056267735,0.000892459,0.079315004,0.009361578,0.013826586,0.01350934,0.044870555,0.169952956,0.073172008,0.000362392,0.079474592,0.056557138,0.004477625,0.019164233,0.035529167,0.938879438
exmuslim,democrats,9698,1242,970218,187915,0.238162998,0.056267735,0.000892459,0.079315004,0.009361578,0.013826586,0.01350934,0.044870555,0.171485782,0.086017424,0.004221571,0.041608753,0.022497089,0.034744847,0.034422656,0.075666375,0.926122589
exmuslim,EndlessWar,9698,4672,970218,49944,0.238162998,0.056267735,0.000892459,0.079315004,0.009361578,0.013826586,0.01350934,0.044870555,0.185176329,0.055271128,0.004270795,0.038666341,0.041479602,0.015609458,0.05753292,0.074409908,0.921043838
exmuslim,PoliticalDiscussion,9698,2541,970218,1737114,0.238162998,0.056267735,0.000892459,0.079315004,0.009361578,0.013826586,0.01350934,0.044870555,0.249452916,0.038553285,0.005438745,0.066837098,0.040975501,0.065624249,0.085396165,0.038795913,0.912521642
exmuslim,uspolitics,9698,257,970218,40498,0.238162998,0.056267735,0.000892459,0.079315004,0.009361578,0.013826586,0.01350934,0.044870555,0.162471911,0.07694126,0.004071655,0.045022921,0.0547,0.056170234,0.03883516,0.069626762,0.904034529
exmuslim,Good_Cop_Free_Donut,9698,19,970218,13862,0.238162998,0.056267735,0.000892459,0.079315004,0.009361578,0.013826586,0.01350934,0.044870555,0.264481409,0.129059198,0.001051249,0.007199171,0.009680158,0.003863296,0.002282946,0.006126312,0.899235901
exmuslim,PoliticalHumor,9698,1261,970218,1273159,0.238162998,0.056267735,0.000892459,0.079315004,0.009361578,0.013826586,0.01350934,0.044870555,0.17048246,0.089442449,0.00221682,0.037314857,0.013692138,0.002240672,0.015715838,0.095882593,0.880477291
exmuslim,antiwar,9698,130,970218,5148,0.238162998,0.056267735,0.000892459,0.079315004,0.009361578,0.013826586,0.01350934,0.044870555,0.138725026,0.058334809,0.013739336,0.03293596,0.024431813,0.037540068,0.079746561,0.051986415,0.835798972
exmuslim,alltheleft,9698,1957,970218,8042,0.238162998,0.056267735,0.000892459,0.079315004,0.009361578,0.013826586,0.01350934,0.044870555,0.173079147,0.032857966,0.004923886,0.106032851,0.027994228,0.099041859,0.060459574,0.04304208,0.824741501
exmuslim,humanrights,9698,29,970218,2144,0.238162998,0.056267735,0.000892459,0.079315004,0.009361578,0.013826586,0.01350934,0.044870555,0.150985416,0.092939302,0.06220531,0.018914195,0.068651761,0.003436225,0.031421144,0.058595397,0.736250744
exmuslim,union,9698,30,970218,1459,0.238162998,0.056267735,0.000892459,0.079315004,0.009361578,0.013826586,0.01350934,0.044870555,0.166191743,0.000686456,0.001291058,0.199936641,0.027912293,0.03414914,0.000215063,0.005339199,0.71493613
exmuslim,occupywallstreet,9698,737,970218,398395,0.238162998,0.056267735,0.000892459,0.079315004,0.009361578,0.013826586,0.01350934,0.044870555,0.130816241,0.035920562,0.008584696,0.051497165,0.038527328,0.191723423,0.033573733,0.02487547,0.361052993
politics,progressive,14242753,104733,2070909,32575,0.237329782,0.081719702,0.004002315,0.042778057,0.028050003,0.03066076,0.035662566,0.064497623,0.2242863,0.071759464,0.004454295,0.047345768,0.02715752,0.037530586,0.040269475,0.062798906,0.997943983
politics,democrats,14242753,24232,2070909,10622,0.237329782,0.081719702,0.004002315,0.042778057,0.028050003,0.03066076,0.035662566,0.064497623,0.207956799,0.076400308,0.004703798,0.047710357,0.021962501,0.034223001,0.038574795,0.062231607,0.997816695
politics,AmericanPolitics,14242753,9333,2070909,2919,0.237329782,0.081719702,0.004002315,0.042778057,0.028050003,0.03066076,0.035662566,0.064497623,0.234590128,0.070139871,0.004824158,0.034784439,0.022787717,0.028901483,0.03543101,0.070664545,0.997186525
politics,obama,14242753,58201,2070909,5396,0.237329782,0.081719702,0.004002315,0.042778057,0.028050003,0.03066076,0.035662566,0.064497623,0.216920804,0.087929797,0.003412539,0.039178272,0.020197457,0.023240484,0.031883202,0.068534095,0.995525248
politics,Liberal,14242753,50552,2070909,25136,0.237329782,0.081719702,0.004002315,0.042778057,0.028050003,0.03066076,0.035662566,0.064497623,0.251433665,0.07580554,0.003426046,0.056164481,0.025036913,0.031826932,0.04154305,0.056240879,0.99535941
politics,occupywallstreet,14242753,361532,2070909,13974,0.237329782,0.081719702,0.004002315,0.042778057,0.028050003,0.03066076,0.035662566,0.064497623,0.212005115,0.073647723,0.007147565,0.051985377,0.028636162,0.047589796,0.042463675,0.057993549,0.994263779
politics,censorship,14242753,1231,2070909,692,0.237329782,0.081719702,0.004002315,0.042778057,0.028050003,0.03066076,0.035662566,0.064497623,0.229814458,0.085867155,0.005789304,0.032974341,0.020507749,0.029699864,0.0161661,0.065894991,0.994248691
politics,conspiracy,14242753,1148535,2070909,756534,0.237329782,0.081719702,0.004002315,0.042778057,0.028050003,0.03066076,0.035662566,0.064497623,0.220855013,0.075661304,0.003518908,0.039964956,0.024159066,0.014267694,0.019473074,0.073430162,0.992602445
politics,PoliticalHumor,14242753,65660,2070909,27013,0.237329782,0.081719702,0.004002315,0.042778057,0.028050003,0.03066076,0.035662566,0.064497623,0.216097389,0.084262531,0.002809084,0.045317707,0.021347435,0.015720305,0.026762739,0.076321309,0.99071094
politics,conservatives,14242753,32014,2070909,19339,0.237329782,0.081719702,0.004002315,0.042778057,0.028050003,0.03066076,0.035662566,0.064497623,0.313458003,0.066527553,0.002347307,0.043979713,0.02196846,0.025450413,0.036407986,0.052701545,0.990389199
politics,tsa,14242753,1523,2070909,216,0.237329782,0.081719702,0.004002315,0.042778057,0.028050003,0.03066076,0.035662566,0.064497623,0.207934928,0.09150886,0.002832538,0.040024973,0.025296026,0.041634585,0.020744037,0.051060147,0.988062223
politics,Anarchism,14242753,491642,2070909,48084,0.237329782,0.081719702,0.004002315,0.042778057,0.028050003,0.03066076,0.035662566,0.064497623,0.237227959,0.063725106,0.002919497,0.066813734,0.028268666,0.040010256,0.032933564,0.065768666,0.986905764
politics,india,14242753,843508,2070909,314170,0.237329782,0.081719702,0.004002315,0.042778057,0.028050003,0.03066076,0.035662566,0.064497623,0.167514958,0.072791026,0.002050014,0.039512172,0.02183688,0.017819499,0.012544183,0.055635269,0.986332345
politics,911truth,14242753,25933,2070909,20598,0.237329782,0.081719702,0.004002315,0.042778057,0.028050003,0.03066076,0.035662566,0.064497623,0.331111281,0.056120768,0.001334844,0.037321358,0.017225877,0.008117682,0.012888268,0.051787322,0.986307919
politics,antiwar,14242753,2656,2070909,471,0.237329782,0.081719702,0.004002315,0.042778057,0.028050003,0.03066076,0.035662566,0.064497623,0.187987807,0.065417019,0.005313856,0.049035862,0.035214539,0.019083625,0.049694818,0.067609571,0.98622905
politics,Republican,14242753,126463,2070909,18281,0.237329782,0.081719702,0.004002315,0.042778057,0.028050003,0.03066076,0.035662566,0.064497623,0.265005713,0.051778946,0.002802802,0.053465651,0.022318424,0.029389745,0.044537477,0.049218998,0.982421701
politics,MensRights,14242753,560327,2070909,477218,0.237329782,0.081719702,0.004002315,0.042778057,0.028050003,0.03066076,0.035662566,0.064497623,0.27721596,0.095950561,0.001788806,0.086654225,0.013952388,0.02794083,0.049507759,0.049142053,0.976582725
politics,Anarcho_Capitalism,14242753,476074,2070909,278502,0.237329782,0.081719702,0.004002315,0.042778057,0.028050003,0.03066076,0.035662566,0.064497623,0.282930801,0.042650434,0.002233934,0.056988156,0.033087589,0.037619521,0.026705066,0.052347859,0.973850944
politics,privacy,14242753,65363,2070909,40575,0.237329782,0.081719702,0.004002315,0.042778057,0.028050003,0.03066076,0.035662566,0.064497623,0.299358344,0.03525089,0.002137411,0.034104915,0.0243604,0.035643234,0.01314574,0.03839577,0.969912765
politics,anonymous,14242753,53579,2070909,15212,0.237329782,0.081719702,0.004002315,0.042778057,0.028050003,0.03066076,0.035662566,0.064497623,0.203590334,0.112439862,0.003828644,0.045394456,0.020856296,0.022871537,0.018347848,0.070095577,0.968513201
politics,EndlessWar,14242753,26624,2070909,6903,0.237329782,0.081719702,0.004002315,0.042778057,0.028050003,0.03066076,0.035662566,0.064497623,0.191900257,0.059560879,0.003454261,0.037390965,0.041342702,0.013755739,0.049223687,0.083779378,0.96844791
politics,Sunlight,14242753,513,2070909,90,0.237329782,0.081719702,0.004002315,0.042778057,0.028050003,0.03066076,0.035662566,0.064497623,0.15639036,0.043066554,0.002452955,0.044588555,0.025201201,0.030512399,0.028510773,0.074042488,0.96516288
politics,alltheleft,14242753,8632,2070909,1006,0.237329782,0.081719702,0.004002315,0.042778057,0.028050003,0.03066076,0.035662566,0.064497623,0.215435703,0.052116805,0.004503045,0.073733035,0.026350002,0.059815446,0.050618095,0.057430061,0.957856371
politics,iran,14242753,21149,2070909,25834,0.237329782,0.081719702,0.004002315,0.042778057,0.028050003,0.03066076,0.035662566,0.064497623,0.157941141,0.076753989,0.001900758,0.065079596,0.018893066,0.014468527,0.023408551,0.058387622,0.955895372
politics,PoliticalDiscussion,14242753,782363,2070909,253573,0.237329782,0.081719702,0.004002315,0.042778057,0.028050003,0.03066076,0.035662566,0.064497623,0.303575464,0.036569865,0.003400992,0.052780345,0.038859869,0.054266162,0.055229992,0.041641764,0.95390858
politics,humanrights,14242753,507,2070909,446,0.237329782,0.081719702,0.004002315,0.042778057,0.028050003,0.03066076,0.035662566,0.064497623,0.176385798,0.082674779,0.009460957,0.067057547,0.030753844,0.036512844,0.01996631,0.030423567,0.953875817
politics,uspolitics,14242753,5955,2070909,5249,0.237329782,0.081719702,0.004002315,0.042778057,0.028050003,0.03066076,0.035662566,0.064497623,0.192969023,0.120019135,0.003695379,0.032363644,0.02304313,0.025556245,0.029722655,0.080462941,0.950138052
politics,afghanistan,14242753,2134,2070909,620,0.237329782,0.081719702,0.004002315,0.042778057,0.028050003,0.03066076,0.035662566,0.064497623,0.183989088,0.053289492,0.002571179,0.079938698,0.020139623,0.010114621,0.032856328,0.052840057,0.94829338
politics,moderatepolitics,14242753,35925,2070909,5584,0.237329782,0.081719702,0.004002315,0.042778057,0.028050003,0.03066076,0.035662566,0.064497623,0.288916976,0.032184522,0.002113716,0.0640823,0.030608628,0.053060239,0.054306273,0.033064011,0.944285974
politics,Marxism,14242753,2117,2070909,1130,0.237329782,0.081719702,0.004002315,0.042778057,0.028050003,0.03066076,0.035662566,0.064497623,0.223999831,0.026699766,0.00033695,0.070609681,0.029709935,0.039416256,0.014390032,0.061471203,0.943976025
politics,LGBTnews,14242753,1842,2070909,1824,0.237329782,0.081719702,0.004002315,0.042778057,0.028050003,0.03066076,0.035662566,0.064497623,0.168713762,0.094019954,0.00116665,0.071496233,0.010203471,0.023469035,0.029469672,0.055017221,0.942623898
politics,racism,14242753,14226,2070909,5542,0.237329782,0.081719702,0.004002315,0.042778057,0.028050003,0.03066076,0.035662566,0.064497623,0.184929515,0.065025344,0.001084572,0.07756245,0.007734497,0.01590372,0.054447761,0.041245189,0.940563652
politics,Good_Cop_Free_Donut,14242753,3009,2070909,4631,0.237329782,0.081719702,0.004002315,0.042778057,0.028050003,0.03066076,0.035662566,0.064497623,0.182083083,0.128145302,0.004173777,0.053971986,0.01625327,0.014213654,0.01663463,0.052685302,0.920217817
politics,GreenParty,14242753,4246,2070909,842,0.237329782,0.081719702,0.004002315,0.042778057,0.028050003,0.03066076,0.035662566,0.064497623,0.187381566,0.035641645,0.00703094,0.065891228,0.032526027,0.073226405,0.047518057,0.036471784,0.904072471
politics,AskALiberal,14242753,25,2070909,121,0.237329782,0.081719702,0.004002315,0.042778057,0.028050003,0.03066076,0.035662566,0.064497623,0.365992494,0.000426368,6.32442E-05,0.128200019,0.071408727,0.032281961,0.15759257,0.015097664,0.80930371
politics,union,14242753,124,2070909,160,0.237329782,0.081719702,0.004002315,0.042778057,0.028050003,0.03066076,0.035662566,0.064497623,0.179865722,0.050722643,0.000665474,0.096182872,0.009189919,0.105356249,0.065067267,0.020368354,0.762269999
politics,raisedbynarcissists,14242753,111333,2070909,379273,0.237329782,0.081719702,0.004002315,0.042778057,0.028050003,0.03066076,0.035662566,0.064497623,0.090002483,0.101796679,0.001993658,0.113934659,0.004857598,0.043685942,0.03506322,0.021927701,0.510197171
ukpolitics,Anarcho_Capitalism,595865,780914,4956857,906634,0.212674156,0.047008585,0.003557616,0.055491827,0.062808055,0.033256386,0.017266045,0.05049831,0.283340256,0.04629512,0.002149701,0.054313566,0.03294485,0.036192027,0.025502707,0.054170984,0.981784237
ukpolitics,Libertarian,595865,700000,4956857,1811176,0.212674156,0.047008585,0.003557616,0.055491827,0.062808055,0.033256386,0.017266045,0.05049831,0.274104583,0.061422859,0.004018469,0.046065224,0.034004776,0.035362408,0.035386848,0.056766171,0.975455353
ukpolitics,Marxism,595865,3362,4956857,5268,0.212674156,0.047008585,0.003557616,0.055491827,0.062808055,0.033256386,0.017266045,0.05049831,0.228102245,0.025204965,0.00115444,0.064715397,0.030650883,0.039525375,0.013168527,0.064100593,0.974552182
ukpolitics,privacy,595865,111141,4956857,290487,0.212674156,0.047008585,0.003557616,0.055491827,0.062808055,0.033256386,0.017266045,0.05049831,0.309911946,0.034967613,0.002093561,0.033900745,0.024461128,0.033986667,0.012225153,0.038457132,0.974363896
ukpolitics,911truth,595865,47346,4956857,32750,0.212674156,0.047008585,0.003557616,0.055491827,0.062808055,0.033256386,0.017266045,0.05049831,0.349232896,0.049892557,0.001314429,0.039553498,0.016759041,0.008662189,0.011695666,0.046403127,0.971694722
ukpolitics,humanrights,595865,988,4956857,1249,0.212674156,0.047008585,0.003557616,0.055491827,0.062808055,0.033256386,0.017266045,0.05049831,0.19136886,0.064436569,0.005543126,0.071022956,0.031271472,0.036070106,0.022037707,0.042301387,0.967061929
ukpolitics,conservatives,595865,52557,4956857,65953,0.212674156,0.047008585,0.003557616,0.055491827,0.062808055,0.033256386,0.017266045,0.05049831,0.303471703,0.054971898,0.002419449,0.041702041,0.023352745,0.030068504,0.037945991,0.049055666,0.966500161
ukpolitics,Republican,595865,146102,4956857,204186,0.212674156,0.047008585,0.003557616,0.055491827,0.062808055,0.033256386,0.017266045,0.05049831,0.262482307,0.051188433,0.002778952,0.052241432,0.02286468,0.030545037,0.044765125,0.049442287,0.963757756
ukpolitics,PoliticalDiscussion,595865,1057839,4956857,771069,0.212674156,0.047008585,0.003557616,0.055491827,0.062808055,0.033256386,0.017266045,0.05049831,0.308011891,0.034505598,0.00334569,0.052357564,0.039513195,0.054822591,0.055450826,0.041069974,0.960290873
ukpolitics,Liberal,595865,77947,4956857,90675,0.212674156,0.047008585,0.003557616,0.055491827,0.062808055,0.033256386,0.017266045,0.05049831,0.253665357,0.074929046,0.003460678,0.053824492,0.024860123,0.032966799,0.042255504,0.057067203,0.959748704
ukpolitics,progressive,595865,140426,4956857,114329,0.212674156,0.047008585,0.003557616,0.055491827,0.062808055,0.033256386,0.017266045,0.05049831,0.22356967,0.071436086,0.004360176,0.04719892,0.027647032,0.038036253,0.040602512,0.063144639,0.958236784
ukpolitics,Sunlight,595865,607,4956857,209,0.212674156,0.047008585,0.003557616,0.055491827,0.062808055,0.033256386,0.017266045,0.05049831,0.166982991,0.040722861,0.00258583,0.050426284,0.027449372,0.036520539,0.026297854,0.070933373,0.956470747
ukpolitics,censorship,595865,2003,4956857,3988,0.212674156,0.047008585,0.003557616,0.055491827,0.062808055,0.033256386,0.017266045,0.05049831,0.24716182,0.083148676,0.004279,0.036481281,0.022500328,0.024619719,0.016549993,0.059520129,0.955545536
ukpolitics,occupywallstreet,595865,376340,4956857,24044,0.212674156,0.047008585,0.003557616,0.055491827,0.062808055,0.033256386,0.017266045,0.05049831,0.212096347,0.073262003,0.007097374,0.051467512,0.02912357,0.04756188,0.042210287,0.058439341,0.955492715
ukpolitics,moderatepolitics,595865,41681,4956857,44485,0.212674156,0.047008585,0.003557616,0.055491827,0.062808055,0.033256386,0.017266045,0.05049831,0.294604812,0.032325244,0.002067547,0.064718823,0.030597496,0.051142826,0.053533811,0.032508692,0.955074886
ukpolitics,conspiracy,595865,1983195,4956857,3342951,0.212674156,0.047008585,0.003557616,0.055491827,0.062808055,0.033256386,0.017266045,0.05049831,0.227725356,0.07500597,0.003437459,0.040584837,0.024282026,0.014115959,0.019378464,0.072405949,0.952942398
ukpolitics,AmericanPolitics,595865,12583,4956857,17889,0.212674156,0.047008585,0.003557616,0.055491827,0.062808055,0.033256386,0.017266045,0.05049831,0.253017929,0.073098479,0.004850007,0.034316101,0.022505115,0.028441144,0.038130353,0.068738808,0.951038434
ukpolitics,alltheleft,595865,9843,4956857,155,0.212674156,0.047008585,0.003557616,0.055491827,0.062808055,0.033256386,0.017266045,0.05049831,0.2185602,0.054415306,0.004512089,0.071982998,0.026128152,0.055215766,0.049565242,0.058917605,0.950448256
ukpolitics,tsa,595865,1781,4956857,4839,0.212674156,0.047008585,0.003557616,0.055491827,0.062808055,0.033256386,0.017266045,0.05049831,0.215080569,0.089803263,0.003022279,0.041734649,0.02506239,0.039654995,0.01873729,0.049794019,0.943840733
ukpolitics,democrats,595865,35964,4956857,177714,0.212674156,0.047008585,0.003557616,0.055491827,0.062808055,0.033256386,0.017266045,0.05049831,0.206809083,0.077619587,0.004864876,0.046013796,0.023523524,0.034677484,0.038940225,0.065504685,0.942876553
ukpolitics,antiwar,595865,3159,4956857,2414,0.212674156,0.047008585,0.003557616,0.055491827,0.062808055,0.033256386,0.017266045,0.05049831,0.18799476,0.068767221,0.005545334,0.050884562,0.036382331,0.01959431,0.048932077,0.071822696,0.942642703
ukpolitics,MensRights,595865,1079916,4956857,1433471,0.212674156,0.047008585,0.003557616,0.055491827,0.062808055,0.033256386,0.017266045,0.05049831,0.276037103,0.09376988,0.001766814,0.084392204,0.014134782,0.027624073,0.048842038,0.050156241,0.934216511
ukpolitics,PoliticalHumor,595865,95348,4956857,1642468,0.212674156,0.047008585,0.003557616,0.055491827,0.062808055,0.033256386,0.017266045,0.05049831,0.222513089,0.088220829,0.002780957,0.045747739,0.022019111,0.016138854,0.027632626,0.076557658,0.933023453
ukpolitics,afghanistan,595865,2800,4956857,2111,0.212674156,0.047008585,0.003557616,0.055491827,0.062808055,0.033256386,0.017266045,0.05049831,0.175128742,0.05047933,0.002465182,0.077737005,0.018944405,0.010912079,0.032723282,0.049442578,0.931375294
ukpolitics,obama,595865,64185,4956857,9332,0.212674156,0.047008585,0.003557616,0.055491827,0.062808055,0.033256386,0.017266045,0.05049831,0.2174978,0.088396402,0.003423062,0.039106355,0.019939296,0.022816244,0.032375137,0.069260757,0.929245846
ukpolitics,GreenParty,595865,5223,4956857,11119,0.212674156,0.047008585,0.003557616,0.055491827,0.062808055,0.033256386,0.017266045,0.05049831,0.190549905,0.033320186,0.006714449,0.06962323,0.034793951,0.072746974,0.044736405,0.036758331,0.927941669
ukpolitics,EndlessWar,595865,34386,4956857,22192,0.212674156,0.047008585,0.003557616,0.055491827,0.062808055,0.033256386,0.017266045,0.05049831,0.189075839,0.058686565,0.003188404,0.03585759,0.040834577,0.013254469,0.046710394,0.086604714,0.927343303
ukpolitics,iran,595865,50992,4956857,101702,0.212674156,0.047008585,0.003557616,0.055491827,0.062808055,0.033256386,0.017266045,0.05049831,0.157720948,0.078119827,0.001638852,0.060529349,0.020169056,0.014278368,0.025145828,0.055678172,0.907504915
ukpolitics,racism,595865,20163,4956857,13984,0.212674156,0.047008585,0.003557616,0.055491827,0.062808055,0.033256386,0.017266045,0.05049831,0.181631795,0.064413838,0.001023006,0.079332563,0.007713074,0.015467747,0.05515417,0.04209792,0.88159445
ukpolitics,uspolitics,595865,11777,4956857,32855,0.212674156,0.047008585,0.003557616,0.055491827,0.062808055,0.033256386,0.017266045,0.05049831,0.195168363,0.108927423,0.004178016,0.033415348,0.026131378,0.028112866,0.030284827,0.081010834,0.877489561
ukpolitics,anonymous,595865,70506,4956857,14767,0.212674156,0.047008585,0.003557616,0.055491827,0.062808055,0.033256386,0.017266045,0.05049831,0.199889595,0.119532822,0.003399605,0.043645322,0.020337091,0.021809076,0.01699891,0.071466148,0.87063777
ukpolitics,AskALiberal,595865,157,4956857,118199,0.212674156,0.047008585,0.003557616,0.055491827,0.062808055,0.033256386,0.017266045,0.05049831,0.308297056,0.020682591,6.25002E-05,0.060258605,0.059072322,0.110934978,0.124679842,0.013929473,0.841109345
ukpolitics,LGBTnews,595865,3928,4956857,10388,0.212674156,0.047008585,0.003557616,0.055491827,0.062808055,0.033256386,0.017266045,0.05049831,0.161726741,0.104559793,0.001700722,0.059494633,0.012164502,0.022075389,0.025267943,0.070756167,0.832255765
ukpolitics,Good_Cop_Free_Donut,595865,8055,4956857,6076,0.212674156,0.047008585,0.003557616,0.055491827,0.062808055,0.033256386,0.017266045,0.05049831,0.166453147,0.129488697,0.004063995,0.053767119,0.021502207,0.013659432,0.022617245,0.051799616,0.798260931
ukpolitics,union,595865,320,4956857,1355,0.212674156,0.047008585,0.003557616,0.055491827,0.062808055,0.033256386,0.017266045,0.05049831,0.160462358,0.042814302,0.001209216,0.094984656,0.011153837,0.100736934,0.077340622,0.025883422,0.697329639
ukpolitics,JoeBiden,595865,13,4956857,43,0.212674156,0.047008585,0.003557616,0.055491827,0.062808055,0.033256386,0.017266045,0.05049831,0.117914357,0.160693633,0.000387232,0.002071266,0.000640335,0.00014786,3.43403E-05,0.023277151,0.537045128
ukpolitics,raisedbynarcissists,595865,539265,4956857,1741620,0.212674156,0.047008585,0.003557616,0.055491827,0.062808055,0.033256386,0.017266045,0.05049831,0.102343083,0.101535575,0.002211598,0.118014757,0.00554259,0.047284982,0.031787434,0.025191827,0.506889172
,,,,,,,,,,,,,,,,,,,,,,
,,,,,,,,,,,,,,,,,,,,,,
,,,,,,,,,,,,,,,,,,,,,,
,,,,,,,,,,,,,,,,,,,,,,
,,,,,,,,,,,,,,,,,,,,,,
,,,,,,,,,,,,,,,,,,,,,,
,,,,,,,,,,,,,,,,,,,,,,
,,,,,,,,,,,,,,,,,,,,,,
,,,,,,,,,,,,,,,,,,,,,,
,,,,,,,,,,,,,,,,,,,,,,
,,,,,,,,,,,,,,,,,,,,,,
,,,,,,,,,,,,,,,,,,,,,,
,,,,,,,,,,,,,,,,,,,,,,
,,,,,,,,,,,,,,,,,,,,,,
,,,,,,,,,,,,,,,,,,,,,,
,,,,,,,,,,,,,,,,,,,,,,
,,,,,,,,,,,,,,,,,,,,,,
,,,,,,,,,,,,,,,,,,,,,,
,,,,,,,,,,,,,,,,,,,,,,
,,,,,,,,,,,,,,,,,,,,,,
,,,,,,,,,,,,,,,,,,,,,,
,,,,,,,,,,,,,,,,,,,,,,
,,,,,,,,,,,,,,,,,,,,,,
,,,,,,,,,,,,,,,,,,,,,,
,,,,,,,,,,,,,,,,,,,,,,
,,,,,,,,,,,,,,,,,,,,,,
,,,,,,,,,,,,,,,,,,,,,,
,,,,,,,,,,,,,,,,,,,,,,
,,,,,,,,,,,,,,,,,,,,,,
,,,,,,,,,,,,,,,,,,,,,,
,,,,,,,,,,,,,,,,,,,,,,
,,,,,,,,,,,,,,,,,,,,,,