txt_subreddit,ctr_subreddit,txt_obs_per_baseline,ctr_obs_per_baseline,txt_obs_per_novote,ctr_obs_per_novote,txt_avg_counter_argument_structure,txt_avg_emotional_language,txt_avg_you_in_the_epicenter,txt_avg_empathy_reciprocity,txt_avg_generalized_call,txt_avg_situational_call_for_action,txt_avg_collective_rhetoric,txt_avg_ungrounded_argument,ctr_avg_counter_argument_structure,ctr_avg_emotional_language,ctr_avg_you_in_the_epicenter,ctr_avg_empathy_reciprocity,ctr_avg_generalized_call,ctr_avg_situational_call_for_action,ctr_avg_collective_rhetoric,ctr_avg_ungrounded_argument,correlation 
Conservative,alltheleft,131941,815,1535763,869,0.209435144,0.05384758,0.00285052,0.044072662,0.021666922,0.023999869,0.035124713,0.056049764,0.261370094,0.05830456,0.005945666,0.061824642,0.029929534,0.03436443,0.048209859,0.069828192,0.998287361
Conservative,progressive,131941,24238,1535763,131108,0.209435144,0.05384758,0.00285052,0.044072662,0.021666922,0.023999869,0.035124713,0.056049764,0.229282728,0.068437209,0.004257641,0.048979584,0.028631793,0.040931297,0.040244281,0.064250557,0.99754531
Conservative,Liberal,131941,19745,1535763,96124,0.209435144,0.05384758,0.00285052,0.044072662,0.021666922,0.023999869,0.035124713,0.056049764,0.26550083,0.073931708,0.003467775,0.049240736,0.025325049,0.03591052,0.04375276,0.055606211,0.996540664
Conservative,AmericanPolitics,131941,1795,1535763,17593,0.209435144,0.05384758,0.00285052,0.044072662,0.021666922,0.023999869,0.035124713,0.056049764,0.274987281,0.071390899,0.005537911,0.037358563,0.017046816,0.025411269,0.03625612,0.051904349,0.994666653
Conservative,Republican,131941,14449,1535763,205248,0.209435144,0.05384758,0.00285052,0.044072662,0.021666922,0.023999869,0.035124713,0.056049764,0.256369161,0.049983701,0.002945945,0.046230145,0.024958805,0.039063182,0.047373836,0.048113407,0.991788325
Conservative,censorship,131941,352,1535763,4324,0.209435144,0.05384758,0.00285052,0.044072662,0.021666922,0.023999869,0.035124713,0.056049764,0.267977529,0.060212909,0.001103024,0.042189882,0.029940717,0.03223976,0.023953508,0.045045788,0.991711927
Conservative,conspiracy,131941,581761,1535763,3819063,0.209435144,0.05384758,0.00285052,0.044072662,0.021666922,0.023999869,0.035124713,0.056049764,0.239892994,0.072824817,0.003299565,0.0418408,0.023414485,0.014913924,0.018829349,0.067846816,0.991571814
Conservative,Anarcho_Capitalism,131941,206692,1535763,1024316,0.209435144,0.05384758,0.00285052,0.044072662,0.021666922,0.023999869,0.035124713,0.056049764,0.282142112,0.048854291,0.002028042,0.052498966,0.033156712,0.035254501,0.025102935,0.056226131,0.991489824
Conservative,democrats,131941,7183,1535763,160089,0.209435144,0.05384758,0.00285052,0.044072662,0.021666922,0.023999869,0.035124713,0.056049764,0.218170243,0.080348925,0.003681889,0.039920415,0.025078504,0.036243138,0.036541787,0.067623532,0.990113804
Conservative,obama,131941,4490,1535763,12259,0.209435144,0.05384758,0.00285052,0.044072662,0.021666922,0.023999869,0.035124713,0.056049764,0.226237423,0.083905785,0.003100142,0.042181801,0.017399002,0.027062517,0.031461011,0.06534583,0.989126371
Conservative,Sunlight,131941,96,1535763,251,0.209435144,0.05384758,0.00285052,0.044072662,0.021666922,0.023999869,0.035124713,0.056049764,0.116841443,0.023495849,0.000653804,0.012569346,0.016154093,0.011096587,0.007870806,0.026151098,0.988661215
Conservative,conservatives,131941,18069,1535763,69843,0.209435144,0.05384758,0.00285052,0.044072662,0.021666922,0.023999869,0.035124713,0.056049764,0.308138973,0.044114012,0.002421903,0.038565045,0.023602456,0.035077224,0.040122819,0.045294475,0.987642517
Conservative,occupywallstreet,131941,11958,1535763,29907,0.209435144,0.05384758,0.00285052,0.044072662,0.021666922,0.023999869,0.035124713,0.056049764,0.209500752,0.06162044,0.006333591,0.038496368,0.042729234,0.049326471,0.033681613,0.068054438,0.985818606
Conservative,911truth,131941,12974,1535763,42323,0.209435144,0.05384758,0.00285052,0.044072662,0.021666922,0.023999869,0.035124713,0.056049764,0.406682786,0.047663166,0.001177977,0.041914362,0.015683334,0.00874865,0.011046986,0.041764419,0.9856708
Conservative,privacy,131941,29101,1535763,280815,0.209435144,0.05384758,0.00285052,0.044072662,0.021666922,0.023999869,0.035124713,0.056049764,0.314670134,0.037423571,0.002107917,0.035981558,0.0263967,0.033263154,0.014558835,0.041929161,0.982186674
Conservative,MensRights,131941,370288,1535763,1602253,0.209435144,0.05384758,0.00285052,0.044072662,0.021666922,0.023999869,0.035124713,0.056049764,0.283540047,0.090357568,0.001687561,0.086604193,0.013803731,0.026756281,0.050960884,0.048714961,0.981694299
Conservative,tsa,131941,173,1535763,4364,0.209435144,0.05384758,0.00285052,0.044072662,0.021666922,0.023999869,0.035124713,0.056049764,0.28119489,0.090020421,0.006154578,0.05375971,0.016673694,0.02649005,0.002062664,0.056295581,0.980359076
Conservative,afghanistan,131941,360,1535763,2213,0.209435144,0.05384758,0.00285052,0.044072662,0.021666922,0.023999869,0.035124713,0.056049764,0.16525209,0.055869334,0.001640146,0.056653462,0.011903934,0.007210058,0.029647911,0.048157188,0.979883989
Conservative,PoliticalHumor,131941,21433,1535763,1194950,0.209435144,0.05384758,0.00285052,0.044072662,0.021666922,0.023999869,0.035124713,0.056049764,0.241379075,0.10392064,0.002751211,0.047521787,0.022703342,0.016845673,0.027966528,0.079440219,0.974287146
Conservative,moderatepolitics,131941,5370,1535763,38360,0.209435144,0.05384758,0.00285052,0.044072662,0.021666922,0.023999869,0.035124713,0.056049764,0.320685355,0.034151367,0.002185286,0.059560098,0.030930632,0.049005128,0.050125043,0.028700315,0.969750911
Conservative,PoliticalDiscussion,131941,217484,1535763,820985,0.209435144,0.05384758,0.00285052,0.044072662,0.021666922,0.023999869,0.035124713,0.056049764,0.324198963,0.02887693,0.003372703,0.051482818,0.041020988,0.05911005,0.055301827,0.039127634,0.964841783
Conservative,Marxism,131941,577,1535763,5648,0.209435144,0.05384758,0.00285052,0.044072662,0.021666922,0.023999869,0.035124713,0.056049764,0.237971945,0.021101256,0.003934486,0.067797571,0.026310783,0.034144086,0.005365323,0.070362907,0.963005389
Conservative,racism,131941,3840,1535763,15911,0.209435144,0.05384758,0.00285052,0.044072662,0.021666922,0.023999869,0.035124713,0.056049764,0.183473091,0.058337558,0.00116439,0.082072776,0.008223467,0.014025622,0.058428047,0.042182472,0.944928736
Conservative,humanrights,131941,328,1535763,1418,0.209435144,0.05384758,0.00285052,0.044072662,0.021666922,0.023999869,0.035124713,0.056049764,0.21112845,0.03858305,0.003013897,0.093946597,0.023797764,0.049531881,0.026548195,0.042007514,0.94272431
Conservative,iran,131941,13667,1535763,114196,0.209435144,0.05384758,0.00285052,0.044072662,0.021666922,0.023999869,0.035124713,0.056049764,0.158931523,0.086607518,0.001564811,0.061060109,0.019515389,0.015195568,0.02572714,0.053853943,0.940112484
Conservative,EndlessWar,131941,4438,1535763,25017,0.209435144,0.05384758,0.00285052,0.044072662,0.021666922,0.023999869,0.035124713,0.056049764,0.1762902,0.061882747,0.002802579,0.032051484,0.038101884,0.011356619,0.041891699,0.10591076,0.926022789
Conservative,uspolitics,131941,5070,1535763,31599,0.209435144,0.05384758,0.00285052,0.044072662,0.021666922,0.023999869,0.035124713,0.056049764,0.199363481,0.121889668,0.004686448,0.03077907,0.026622506,0.028545488,0.027769935,0.083916343,0.915744676
Conservative,anonymous,131941,13114,1535763,24111,0.209435144,0.05384758,0.00285052,0.044072662,0.021666922,0.023999869,0.035124713,0.056049764,0.207000185,0.129005164,0.002706659,0.043156886,0.019361241,0.021633053,0.017910611,0.069185193,0.915388658
Conservative,antiwar,131941,342,1535763,2404,0.209435144,0.05384758,0.00285052,0.044072662,0.021666922,0.023999869,0.035124713,0.056049764,0.154563403,0.073112166,0.008535316,0.052215335,0.055131288,0.008557067,0.044954508,0.099729246,0.892840026
Conservative,LGBTnews,131941,1003,1535763,10920,0.209435144,0.05384758,0.00285052,0.044072662,0.021666922,0.023999869,0.035124713,0.056049764,0.149908413,0.098297332,0.001158652,0.061890485,0.00948208,0.020339735,0.018391427,0.07286694,0.884634203
Conservative,GreenParty,131941,551,1535763,11203,0.209435144,0.05384758,0.00285052,0.044072662,0.021666922,0.023999869,0.035124713,0.056049764,0.220678208,0.021607992,0.014731128,0.105644011,0.025712815,0.083877021,0.042962764,0.044500007,0.883862832
Conservative,Good_Cop_Free_Donut,131941,2288,1535763,9460,0.209435144,0.05384758,0.00285052,0.044072662,0.021666922,0.023999869,0.035124713,0.056049764,0.167292617,0.132008409,0.003098594,0.051697804,0.016344635,0.017486557,0.02520345,0.051760693,0.853051047
Conservative,AskALiberal,131941,67,1535763,82566,0.209435144,0.05384758,0.00285052,0.044072662,0.021666922,0.023999869,0.035124713,0.056049764,0.291423331,0.000808026,5.66E-05,0.049161545,0.066831816,0.122713855,0.164627412,0.01671948,0.760389701
Conservative,union,131941,117,1535763,1271,0.209435144,0.05384758,0.00285052,0.044072662,0.021666922,0.023999869,0.035124713,0.056049764,0.159826606,0.06506228,0.001393458,0.077046901,0.006012082,0.125330525,0.084348519,0.014261844,0.671579616
Conservative,raisedbynarcissists,131941,229464,1535763,1857277,0.209435144,0.05384758,0.00285052,0.044072662,0.021666922,0.023999869,0.035124713,0.056049764,0.098798653,0.0988318,0.002095021,0.116057259,0.005499999,0.045348087,0.03172962,0.024615037,0.547814844
GenderCritical,racism,7857,4279,429107,17391,0.27031337,0.073278766,0.001032493,0.13949129,0.008312637,0.013009913,0.069179493,0.031216531,0.186382958,0.061814182,0.001151,0.082815657,0.008050621,0.014764088,0.058144036,0.043263398,0.987175961
GenderCritical,MensRights,7857,414733,429107,1715595,0.27031337,0.073278766,0.001032493,0.13949129,0.008312637,0.013009913,0.069179493,0.031216531,0.283853496,0.089850622,0.001715829,0.086674061,0.013786667,0.027088431,0.050662799,0.048743132,0.964100927
GenderCritical,afghanistan,7857,417,429107,2570,0.27031337,0.073278766,0.001032493,0.13949129,0.008312637,0.013009913,0.069179493,0.031216531,0.157425266,0.05388097,0.003815307,0.06138202,0.010577597,0.00851499,0.033474857,0.05270985,0.956046291
GenderCritical,humanrights,7857,369,429107,1483,0.27031337,0.073278766,0.001032493,0.13949129,0.008312637,0.013009913,0.069179493,0.031216531,0.221083201,0.037173647,0.002702132,0.09648243,0.024393591,0.049306086,0.028187726,0.038783951,0.95243239
GenderCritical,alltheleft,7857,1043,429107,869,0.27031337,0.073278766,0.001032493,0.13949129,0.008312637,0.013009913,0.069179493,0.031216531,0.258626314,0.060165889,0.005768572,0.06041966,0.028786803,0.033072087,0.045140218,0.069336519,0.918890098
GenderCritical,iran,7857,15035,429107,123372,0.27031337,0.073278766,0.001032493,0.13949129,0.008312637,0.013009913,0.069179493,0.031216531,0.165448446,0.083912132,0.001640025,0.061206789,0.020327443,0.015479432,0.025337434,0.052924189,0.917764786
GenderCritical,moderatepolitics,7857,6887,429107,47162,0.27031337,0.073278766,0.001032493,0.13949129,0.008312637,0.013009913,0.069179493,0.031216531,0.317462088,0.033627427,0.002140313,0.061025531,0.026561292,0.048865497,0.051534008,0.028349081,0.914620522
GenderCritical,Liberal,7857,22092,429107,106290,0.27031337,0.073278766,0.001032493,0.13949129,0.008312637,0.013009913,0.069179493,0.031216531,0.261254355,0.073891315,0.003523074,0.049131786,0.024651478,0.035487961,0.043935605,0.05645945,0.911164696
GenderCritical,GreenParty,7857,634,429107,11798,0.27031337,0.073278766,0.001032493,0.13949129,0.008312637,0.013009913,0.069179493,0.031216531,0.227954166,0.026725494,0.014375142,0.100948364,0.023278327,0.081962501,0.045939657,0.045813893,0.909434561
GenderCritical,Republican,7857,18080,429107,215222,0.27031337,0.073278766,0.001032493,0.13949129,0.008312637,0.013009913,0.069179493,0.031216531,0.251775293,0.049801465,0.002963063,0.04544269,0.024169407,0.042766534,0.049072623,0.047214466,0.906993218
GenderCritical,Anarcho_Capitalism,7857,229208,429107,1078476,0.27031337,0.073278766,0.001032493,0.13949129,0.008312637,0.013009913,0.069179493,0.031216531,0.282180347,0.048643091,0.002065443,0.052528837,0.033087549,0.03526762,0.024744477,0.05618739,0.899658784
GenderCritical,progressive,7857,27657,429107,134799,0.27031337,0.073278766,0.001032493,0.13949129,0.008312637,0.013009913,0.069179493,0.031216531,0.228643104,0.068414178,0.004238085,0.048528042,0.028482565,0.0401818,0.04011262,0.064364272,0.899094954
GenderCritical,911truth,7857,13350,429107,45281,0.27031337,0.073278766,0.001032493,0.13949129,0.008312637,0.013009913,0.069179493,0.031216531,0.402651288,0.04794525,0.001301937,0.042413547,0.015922438,0.008721176,0.011244563,0.041893197,0.898440185
GenderCritical,tsa,7857,181,429107,4977,0.27031337,0.073278766,0.001032493,0.13949129,0.008312637,0.013009913,0.069179493,0.031216531,0.274608834,0.09159347,0.005886224,0.05689903,0.016017835,0.025322621,0.003114017,0.057478012,0.897011396
GenderCritical,censorship,7857,379,429107,4530,0.27031337,0.073278766,0.001032493,0.13949129,0.008312637,0.013009913,0.069179493,0.031216531,0.259157467,0.064007444,0.001085293,0.041842751,0.02807068,0.03056306,0.022319294,0.047212922,0.896967254
GenderCritical,AmericanPolitics,7857,2083,429107,19906,0.27031337,0.073278766,0.001032493,0.13949129,0.008312637,0.013009913,0.069179493,0.031216531,0.278072267,0.073084624,0.005455808,0.036663815,0.016809308,0.024256975,0.035568944,0.054381917,0.896752012
GenderCritical,conservatives,7857,20941,429107,75636,0.27031337,0.073278766,0.001032493,0.13949129,0.008312637,0.013009913,0.069179493,0.031216531,0.308970294,0.044224975,0.00229419,0.038702339,0.022807016,0.035299264,0.041074598,0.045216365,0.894904439
GenderCritical,Marxism,7857,664,429107,6107,0.27031337,0.073278766,0.001032493,0.13949129,0.008312637,0.013009913,0.069179493,0.031216531,0.239994809,0.020503074,0.003433669,0.066020966,0.02303801,0.035644371,0.005432287,0.066755668,0.886049281
GenderCritical,obama,7857,5249,429107,12575,0.27031337,0.073278766,0.001032493,0.13949129,0.008312637,0.013009913,0.069179493,0.031216531,0.222126319,0.084563477,0.003243177,0.040523648,0.016462066,0.028161175,0.031993676,0.065213269,0.883917581
GenderCritical,PoliticalDiscussion,7857,254795,429107,910113,0.27031337,0.073278766,0.001032493,0.13949129,0.008312637,0.013009913,0.069179493,0.031216531,0.319541293,0.029479974,0.003398188,0.051363257,0.039814487,0.059748994,0.056597797,0.038968694,0.883803373
GenderCritical,conspiracy,7857,657172,429107,3819063,0.27031337,0.073278766,0.001032493,0.13949129,0.008312637,0.013009913,0.069179493,0.031216531,0.237470101,0.07358722,0.003400141,0.041530102,0.023582368,0.01511828,0.019374318,0.068631445,0.883223162
GenderCritical,privacy,7857,33016,429107,318546,0.27031337,0.073278766,0.001032493,0.13949129,0.008312637,0.013009913,0.069179493,0.031216531,0.313371664,0.036990815,0.002055757,0.035217171,0.02638075,0.033447047,0.014479125,0.042144895,0.878769666
GenderCritical,democrats,7857,8206,429107,184645,0.27031337,0.073278766,0.001032493,0.13949129,0.008312637,0.013009913,0.069179493,0.031216531,0.214864873,0.080251941,0.004297434,0.040046419,0.024308861,0.038663225,0.036984923,0.066376656,0.875304511
GenderCritical,PoliticalHumor,7857,24988,429107,1658397,0.27031337,0.073278766,0.001032493,0.13949129,0.008312637,0.013009913,0.069179493,0.031216531,0.235978474,0.102561196,0.002756429,0.046132401,0.021965319,0.017479585,0.027684889,0.079075355,0.86843986
GenderCritical,Sunlight,7857,103,429107,263,0.27031337,0.073278766,0.001032493,0.13949129,0.008312637,0.013009913,0.069179493,0.031216531,0.122526741,0.022001228,0.000618589,0.012126246,0.015127082,0.010417494,0.007337052,0.026649209,0.860408586
GenderCritical,occupywallstreet,7857,13429,429107,31211,0.27031337,0.073278766,0.001032493,0.13949129,0.008312637,0.013009913,0.069179493,0.031216531,0.211917259,0.061804226,0.006202695,0.03921064,0.041352107,0.048029157,0.032717082,0.066457215,0.853529989
GenderCritical,LGBTnews,7857,1045,429107,11704,0.27031337,0.073278766,0.001032493,0.13949129,0.008312637,0.013009913,0.069179493,0.031216531,0.153754751,0.095672898,0.001161368,0.061373784,0.009261588,0.019530408,0.017685049,0.071704381,0.846108418
GenderCritical,anonymous,7857,14663,429107,24737,0.27031337,0.073278766,0.001032493,0.13949129,0.008312637,0.013009913,0.069179493,0.031216531,0.206941181,0.128292878,0.002798223,0.0436033,0.019969706,0.022806151,0.018511848,0.069160149,0.817397146
GenderCritical,Good_Cop_Free_Donut,7857,2556,429107,9712,0.27031337,0.073278766,0.001032493,0.13949129,0.008312637,0.013009913,0.069179493,0.031216531,0.165109427,0.128564586,0.002964426,0.051208559,0.016809013,0.017178534,0.024050591,0.052359099,0.807008068
GenderCritical,antiwar,7857,368,429107,2705,0.27031337,0.073278766,0.001032493,0.13949129,0.008312637,0.013009913,0.069179493,0.031216531,0.160500797,0.078947283,0.007966061,0.051547702,0.051343197,0.010418323,0.041898305,0.097016573,0.787033567
GenderCritical,uspolitics,7857,5444,429107,35514,0.27031337,0.073278766,0.001032493,0.13949129,0.008312637,0.013009913,0.069179493,0.031216531,0.195127972,0.123778651,0.004415123,0.030661336,0.026131259,0.02741767,0.027306567,0.084661664,0.764122249
GenderCritical,EndlessWar,7857,4949,429107,27008,0.27031337,0.073278766,0.001032493,0.13949129,0.008312637,0.013009913,0.069179493,0.031216531,0.175334022,0.061993916,0.00265075,0.032937149,0.038457251,0.011144868,0.040991621,0.10555449,0.762459361
GenderCritical,raisedbynarcissists,7857,240232,429107,2014259,0.27031337,0.073278766,0.001032493,0.13949129,0.008312637,0.013009913,0.069179493,0.031216531,0.098273476,0.098896251,0.002104188,0.1161236,0.005449392,0.045322607,0.032007201,0.024416206,0.750400952
GenderCritical,AskALiberal,7857,67,429107,118271,0.27031337,0.073278766,0.001032493,0.13949129,0.008312637,0.013009913,0.069179493,0.031216531,0.291423331,0.000808026,5.66E-05,0.049161545,0.066831816,0.122713855,0.164627412,0.01671948,0.714654059
GenderCritical,union,7857,142,429107,1457,0.27031337,0.073278766,0.001032493,0.13949129,0.008312637,0.013009913,0.069179493,0.031216531,0.164080796,0.063442741,0.001170049,0.068211636,0.005310784,0.135082926,0.071474757,0.016779472,0.685944157
politics,Liberal,2070909,25136,50203736,92788,0.254954769,0.059892742,0.003935502,0.040545196,0.030835721,0.036224254,0.036964541,0.059577802,0.259049115,0.073104994,0.00353345,0.048974539,0.024462197,0.035860334,0.044105432,0.058832762,0.996973228
politics,Anarcho_Capitalism,2070909,278502,50203736,931707,0.254954769,0.059892742,0.003935502,0.040545196,0.030835721,0.036224254,0.036964541,0.059577802,0.283453292,0.051891183,0.002015464,0.050427535,0.032568745,0.033803071,0.023630229,0.056923978,0.996446572
politics,progressive,2070909,32575,50203736,117256,0.254954769,0.059892742,0.003935502,0.040545196,0.030835721,0.036224254,0.036964541,0.059577802,0.223672368,0.069492351,0.003974681,0.046981723,0.029425852,0.039767391,0.0418865,0.063436671,0.996402989
politics,Republican,2070909,18281,50203736,205429,0.254954769,0.059892742,0.003935502,0.040545196,0.030835721,0.036224254,0.036964541,0.059577802,0.246784298,0.047595238,0.002641936,0.044813593,0.025938105,0.037563712,0.046455214,0.050847764,0.996040898
politics,AmericanPolitics,2070909,2919,50203736,18225,0.254954769,0.059892742,0.003935502,0.040545196,0.030835721,0.036224254,0.036964541,0.059577802,0.302972113,0.082920383,0.004784838,0.033910363,0.021265169,0.027327174,0.044663495,0.0624002,0.995011333
politics,occupywallstreet,2070909,13974,50203736,24849,0.254954769,0.059892742,0.003935502,0.040545196,0.030835721,0.036224254,0.036964541,0.059577802,0.211772927,0.064430353,0.005958565,0.039015499,0.041254925,0.04724968,0.03608966,0.069851377,0.993735015
politics,conservatives,2070909,19339,50203736,67134,0.254954769,0.059892742,0.003935502,0.040545196,0.030835721,0.036224254,0.036964541,0.059577802,0.292655057,0.036469831,0.002595792,0.038584992,0.02545377,0.03785716,0.040525948,0.043117644,0.991944961
politics,censorship,2070909,692,50203736,4062,0.254954769,0.059892742,0.003935502,0.040545196,0.030835721,0.036224254,0.036964541,0.059577802,0.275603159,0.081298568,0.001987518,0.043431169,0.025470065,0.018381588,0.017834767,0.051461286,0.990374077
politics,911truth,2070909,20598,50203736,33500,0.254954769,0.059892742,0.003935502,0.040545196,0.030835721,0.036224254,0.036964541,0.059577802,0.373131399,0.043110817,0.001155365,0.042492835,0.016328711,0.009164341,0.010046698,0.039361678,0.990303809
politics,privacy,2070909,40575,50203736,295572,0.254954769,0.059892742,0.003935502,0.040545196,0.030835721,0.036224254,0.036964541,0.059577802,0.325231799,0.034608553,0.002152765,0.033611085,0.024861194,0.031768284,0.01134893,0.038349954,0.990043461
politics,tsa,2070909,216,50203736,4874,0.254954769,0.059892742,0.003935502,0.040545196,0.030835721,0.036224254,0.036964541,0.059577802,0.277003855,0.073425362,0.004924247,0.048188147,0.022981727,0.026487668,0.0053496,0.044710976,0.987590889
politics,alltheleft,2070909,1006,50203736,356,0.254954769,0.059892742,0.003935502,0.040545196,0.030835721,0.036224254,0.036964541,0.059577802,0.236754961,0.066433237,0.005347486,0.065591505,0.025994279,0.022747295,0.042343213,0.068843349,0.986806106
politics,democrats,2070909,10622,50203736,178762,0.254954769,0.059892742,0.003935502,0.040545196,0.030835721,0.036224254,0.036964541,0.059577802,0.206209492,0.078508476,0.005273547,0.043806238,0.026651691,0.036423458,0.03862006,0.071639893,0.985352113
politics,conspiracy,2070909,756534,50203736,3420420,0.254954769,0.059892742,0.003935502,0.040545196,0.030835721,0.036224254,0.036964541,0.059577802,0.235977227,0.074190423,0.003412891,0.041207,0.024777707,0.014113372,0.019397251,0.070855263,0.984742541
politics,moderatepolitics,2070909,5584,50203736,44671,0.254954769,0.059892742,0.003935502,0.040545196,0.030835721,0.036224254,0.036964541,0.059577802,0.32953098,0.033110287,0.001721264,0.067487397,0.030501781,0.040205979,0.048421742,0.028475097,0.977241351
politics,PoliticalDiscussion,2070909,253573,50203736,791679,0.254954769,0.059892742,0.003935502,0.040545196,0.030835721,0.036224254,0.036964541,0.059577802,0.321353898,0.028404662,0.003254717,0.051186746,0.04176899,0.05682751,0.05630446,0.039062197,0.976836259
politics,Marxism,2070909,1130,50203736,5381,0.254954769,0.059892742,0.003935502,0.040545196,0.030835721,0.036224254,0.036964541,0.059577802,0.238899474,0.022788273,0.002796285,0.051904467,0.033961319,0.040923257,0.01099046,0.069894377,0.973611404
politics,MensRights,2070909,477218,50203736,1474394,0.254954769,0.059892742,0.003935502,0.040545196,0.030835721,0.036224254,0.036964541,0.059577802,0.275692493,0.091265822,0.001734929,0.082302768,0.014250332,0.02719301,0.048175905,0.051115765,0.972819173
politics,humanrights,2070909,446,50203736,1284,0.254954769,0.059892742,0.003935502,0.040545196,0.030835721,0.036224254,0.036964541,0.059577802,0.213292935,0.040493939,0.000782061,0.075649417,0.034152038,0.036237164,0.026121047,0.054130694,0.97096972
politics,obama,2070909,5396,50203736,9873,0.254954769,0.059892742,0.003935502,0.040545196,0.030835721,0.036224254,0.036964541,0.059577802,0.224444791,0.093220669,0.003074819,0.039188435,0.018643508,0.019583029,0.037428028,0.075380588,0.970141452
politics,PoliticalHumor,2070909,27013,50203736,1645018,0.254954769,0.059892742,0.003935502,0.040545196,0.030835721,0.036224254,0.036964541,0.059577802,0.234629157,0.098490861,0.002845218,0.047710946,0.023755861,0.017251105,0.02997938,0.077404287,0.968115712
politics,uspolitics,2070909,5249,50203736,33419,0.254954769,0.059892742,0.003935502,0.040545196,0.030835721,0.036224254,0.036964541,0.059577802,0.197807526,0.100214216,0.004458865,0.034102558,0.029341007,0.030104006,0.030669222,0.08198969,0.946300845
politics,antiwar,2070909,471,50203736,2458,0.254954769,0.059892742,0.003935502,0.040545196,0.030835721,0.036224254,0.036964541,0.059577802,0.187167864,0.085997464,0.005400779,0.062524211,0.043050696,0.021687943,0.047914342,0.091025631,0.940496874
politics,Sunlight,2070909,90,50203736,213,0.254954769,0.059892742,0.003935502,0.040545196,0.030835721,0.036224254,0.036964541,0.059577802,0.22039068,0.029156955,0.003456349,0.0776562,0.041470605,0.072312828,0.014852942,0.054132153,0.937547083
politics,iran,2070909,25834,50203736,105679,0.254954769,0.059892742,0.003935502,0.040545196,0.030835721,0.036224254,0.036964541,0.059577802,0.15607025,0.080209987,0.001428514,0.056601786,0.021587477,0.014327942,0.02559748,0.053577053,0.932249148
politics,afghanistan,2070909,620,50203736,2155,0.254954769,0.059892742,0.003935502,0.040545196,0.030835721,0.036224254,0.036964541,0.059577802,0.146835285,0.043899805,0.002278705,0.071454688,0.013171658,0.012297439,0.03075379,0.037811495,0.926451409
politics,EndlessWar,2070909,6903,50203736,23028,0.254954769,0.059892742,0.003935502,0.040545196,0.030835721,0.036224254,0.036964541,0.059577802,0.176657259,0.056359747,0.002173246,0.030465861,0.039668944,0.011714631,0.03734264,0.099593495,0.926311155
politics,GreenParty,2070909,842,50203736,11256,0.254954769,0.059892742,0.003935502,0.040545196,0.030835721,0.036224254,0.036964541,0.059577802,0.203530075,0.024461383,0.00560234,0.088285481,0.042054281,0.07067288,0.035743051,0.036820809,0.910853089
politics,racism,2070909,5542,50203736,14367,0.254954769,0.059892742,0.003935502,0.040545196,0.030835721,0.036224254,0.036964541,0.059577802,0.17645207,0.061334981,0.000925061,0.08496646,0.007611662,0.014641427,0.056471206,0.044340532,0.90854264
politics,AskALiberal,2070909,121,50203736,118210,0.254954769,0.059892742,0.003935502,0.040545196,0.030835721,0.036224254,0.036964541,0.059577802,0.312279061,0.026689243,5.34E-05,0.043812068,0.053297508,0.130965479,0.128041955,0.014882163,0.860397518
politics,LGBTnews,2070909,1824,50203736,10657,0.254954769,0.059892742,0.003935502,0.040545196,0.030835721,0.036224254,0.036964541,0.059577802,0.15685173,0.110117122,0.002322711,0.048372176,0.014194399,0.02274643,0.021042218,0.081348186,0.85364269
politics,anonymous,2070909,15212,50203736,16451,0.254954769,0.059892742,0.003935502,0.040545196,0.030835721,0.036224254,0.036964541,0.059577802,0.187658576,0.139942999,0.001921897,0.03822015,0.018817774,0.018916335,0.013211108,0.074882379,0.84904318
politics,Good_Cop_Free_Donut,2070909,4631,50203736,6484,0.254954769,0.059892742,0.003935502,0.040545196,0.030835721,0.036224254,0.036964541,0.059577802,0.155885357,0.132858371,0.003877533,0.053373497,0.026238476,0.013511585,0.027994631,0.051962896,0.805133516
politics,JoeBiden,2070909,12,50203736,44,0.254954769,0.059892742,0.003935502,0.040545196,0.030835721,0.036224254,0.036964541,0.059577802,0.127738841,0.112483309,0.000416158,0.002241949,0.000685859,0.000159022,3.68E-05,0.024522167,0.782690814
politics,union,2070909,160,50203736,1391,0.254954769,0.059892742,0.003935502,0.040545196,0.030835721,0.036224254,0.036964541,0.059577802,0.153138838,0.037911292,0.001747238,0.090757851,0.015133075,0.108971477,0.069242079,0.035664341,0.728927471
politics,raisedbynarcissists,2070909,379273,50203736,1788908,0.254954769,0.059892742,0.003935502,0.040545196,0.030835721,0.036224254,0.036964541,0.059577802,0.105381977,0.101076965,0.002282879,0.117675154,0.005751617,0.048006158,0.030972293,0.025932826,0.534688869